date_range_start,date_range_end,School_TRACTCE,Home_TRACTCE,STATEFP,COUNTYFP,Visitor_Count,Home_LON,Home_LAT,School_LON,School_LAT,Distance_Covered (km)
2021-02-15,2021-02-22,210500,210500,48,201,4.0,-95.36039174237781,29.79525478820259,-95.34039174237782,29.81525478820259,2.9416608764549514
2021-02-15,2021-02-22,210600,530800,48,201,4.0,-95.42022659961586,29.853449702916514,-95.34535987660318,29.827040425161115,7.804964911655541
2021-02-15,2021-02-22,210800,212300,48,201,4.0,-95.35496487225383,29.77520173301338,-95.32508927948481,29.81438352529337,5.2160655832936085
2021-02-15,2021-02-22,210800,231000,48,201,4.0,-95.27707190639502,29.840216866984427,-95.32508927948481,29.81438352529337,5.4533786004986595
2021-02-15,2021-02-22,211200,210600,48,201,4.0,-95.36535987660318,29.807040425161116,-95.3003735110632,29.81817343959775,6.402108420234081
2021-02-15,2021-02-22,211200,211000,48,201,5.0,-95.33214888345326,29.79709118922878,-95.3003735110632,29.81817343959775,3.859687951629191
2021-02-15,2021-02-22,211200,211700,48,201,4.0,-95.30463973134097,29.800229337643998,-95.3003735110632,29.81817343959775,2.0313952029832083
2021-02-15,2021-02-22,211200,212500,48,201,4.0,-95.27957072565626,29.754279827791148,-95.3003735110632,29.81817343959775,7.362628157990756
2021-02-15,2021-02-22,211200,230200,48,201,4.0,-95.3056457403535,29.819548549913243,-95.3003735110632,29.81817343959775,0.5319272228780683
2021-02-15,2021-02-22,211200,231200,48,201,8.0,-95.24618147099152,29.865248381251327,-95.3003735110632,29.81817343959775,7.393034738160996
2021-02-15,2021-02-22,211200,510100,48,201,4.0,-95.371431560369,29.769927636172717,-95.3003735110632,29.81817343959775,8.706392211597619
2021-02-15,2021-02-22,211400,230900,48,201,4.0,-95.28097590593167,29.817866387035284,-95.30818443174121,29.785855575808306,4.417034097792103
2021-02-15,2021-02-22,211700,230200,48,201,4.0,-95.3056457403535,29.819548549913243,-95.28463973134097,29.820229337643998,2.031843520889044
2021-02-15,2021-02-22,211900,211600,48,201,8.0,-95.3115924142803,29.780919314997107,-95.27950976465496,29.803816949955912,4.0080546716452305
2021-02-15,2021-02-22,211900,222502,48,201,4.0,-95.38790883649531,29.92387884582446,-95.27950976465496,29.803816949955912,16.935630591041015
2021-02-15,2021-02-22,212300,552602,48,201,4.0,-95.57711321008303,29.975236354731123,-95.33496487225383,29.79520173301338,30.747503916322557
2021-02-15,2021-02-22,220200,220200,48,201,4.0,-95.36493694980507,29.81655605029524,-95.34493694980507,29.83655605029524,2.9413969211206807
2021-02-15,2021-02-22,220200,231600,48,201,4.0,-95.3074846673122,29.861744420320807,-95.34493694980507,29.83655605029524,4.570968281444309
2021-02-15,2021-02-22,220300,220500,48,201,8.0,-95.38146449708586,29.836206212409543,-95.34565876993182,29.84423685457451,3.5729539652929274
2021-02-15,2021-02-22,220400,220400,48,201,4.0,-95.36599835919098,29.833034413346038,-95.34599835919099,29.853034413346037,2.941192633035548
2021-02-15,2021-02-22,220600,230100,48,201,4.0,-95.33001773553856,29.81406204639238,-95.34688015395994,29.861805130717702,5.537527225092279
2021-02-15,2021-02-22,220800,220800,48,201,4.0,-95.33870373924574,29.830846903970553,-95.31870373924575,29.850846903970552,2.941219757173717
2021-02-15,2021-02-22,221000,231700,48,201,4.0,-95.31985967156243,29.876120695170137,-95.32467489138051,29.87970113525277,0.6114798390858874
2021-02-15,2021-02-22,222200,221100,48,201,4.0,-95.35623267076588,29.859871517115696,-95.30365678946933,29.914006114669466,7.861442728481161
2021-02-15,2021-02-22,222200,223001,48,201,4.0,-95.31911983946277,29.912330166596842,-95.30365678946933,29.914006114669466,1.5047816096255875
2021-02-15,2021-02-22,222200,223002,48,201,4.0,-95.3276960184801,29.906774025731075,-95.30365678946933,29.914006114669466,2.4560598681288894
2021-02-15,2021-02-22,222200,230700,48,201,4.0,-95.30992678191907,29.853007069047592,-95.30365678946933,29.914006114669466,6.788845440887332
2021-02-15,2021-02-22,222300,342700,48,201,4.0,-95.11857440314054,29.695313211691523,-95.32889743848644,29.916237960154106,31.829925580620063
2021-02-15,2021-02-22,222800,553403,48,201,4.0,-95.46346448131563,30.057674755690808,-95.34626410398357,29.938118924961255,17.421960201307993
2021-02-15,2021-02-22,222900,221900,48,201,4.0,-95.34910391986152,29.8818680148654,-95.32481880296913,29.934380757718657,6.275796820773229
2021-02-15,2021-02-22,222900,222900,48,201,4.0,-95.34481880296913,29.914380757718657,-95.32481880296913,29.934380757718657,2.94018292993721
2021-02-15,2021-02-22,222900,251402,48,201,4.0,-95.20131205193138,30.073209686569882,-95.32481880296913,29.934380757718657,19.463677089764644
2021-02-15,2021-02-22,230100,311100,48,201,4.0,-95.285183696909,29.733195817802272,-95.31001773553857,29.83406204639238,11.435860340109159
2021-02-15,2021-02-22,230300,231300,48,201,4.0,-95.27165862621483,29.85769836312809,-95.29271959612925,29.854733283177914,2.061389554570379
2021-02-15,2021-02-22,230400,222501,48,201,4.0,-95.40583969129132,29.928314279055552,-95.30520075126694,29.850587675967912,12.989778787809296
2021-02-15,2021-02-22,230400,230400,48,201,4.0,-95.32520075126693,29.830587675967912,-95.30520075126694,29.850587675967912,2.9412229713875115
2021-02-15,2021-02-22,230400,451700,48,201,4.0,-95.63151710461574,29.7324305032411,-95.30520075126694,29.850587675967912,34.161229667194846
2021-02-15,2021-02-22,230400,532700,48,201,4.0,-95.48068345806662,29.876391508286346,-95.30520075126694,29.850587675967912,17.194382760741252
2021-02-15,2021-02-22,230400,550800,48,201,8.0,-95.47593936805826,29.95059032335285,-95.30520075126694,29.850587675967912,19.86998209908315
2021-02-15,2021-02-22,230700,230700,48,201,4.0,-95.30992678191907,29.853007069047592,-95.28992678191908,29.873007069047592,2.940944912930811
2021-02-15,2021-02-22,230700,231600,48,201,4.0,-95.3074846673122,29.861744420320807,-95.28992678191908,29.873007069047592,2.106240677617921
2021-02-15,2021-02-22,231200,231200,48,201,13.0,-95.24618147099152,29.865248381251327,-95.22618147099152,29.885248381251326,2.9407930237412225
2021-02-15,2021-02-22,232100,231700,48,201,4.0,-95.31985967156243,29.876120695170137,-95.28628037376154,29.925324618323238,6.345660385391882
2021-02-15,2021-02-22,233001,233001,48,201,4.0,-95.1825604971158,29.79715292702817,-95.1625604971158,29.817152927028168,2.94163736127428
2021-02-15,2021-02-22,233003,233003,48,201,4.0,-95.17075286642775,29.793670918128047,-95.15075286642775,29.813670918128047,2.941680497450694
2021-02-15,2021-02-22,233101,233101,48,201,4.0,-95.17932741942595,29.787529739197378,-95.15932741942595,29.807529739197378,2.9417565671183064
2021-02-15,2021-02-22,233200,233103,48,201,4.0,-95.17627140872492,29.776464363683292,-95.17213609393428,29.799685438481113,2.604900754282342
2021-02-15,2021-02-22,233200,233200,48,201,4.0,-95.19213609393428,29.779685438481113,-95.17213609393428,29.799685438481113,2.9418537161340352
2021-02-15,2021-02-22,233300,210600,48,201,4.0,-95.36535987660318,29.807040425161116,-95.17970369281966,29.774936089700713,18.300051270409874
2021-02-15,2021-02-22,233300,233300,48,201,4.0,-95.19970369281965,29.754936089700713,-95.17970369281966,29.774936089700713,2.942160104052433
2021-02-15,2021-02-22,233702,233701,48,201,9.0,-95.2474596499003,29.7356878968351,-95.21788869738793,29.767392785389962,4.5312676017478175
2021-02-15,2021-02-22,233702,233702,48,201,8.0,-95.23788869738793,29.747392785389962,-95.21788869738793,29.767392785389962,2.9422534498242117
2021-02-15,2021-02-22,240400,553001,48,201,4.0,-95.49635034602129,30.001603208156652,-95.36080999386849,30.00685631938161,13.090187758607403
2021-02-15,2021-02-22,240802,240802,48,201,4.0,-95.36551947294504,30.025264877138753,-95.34551947294504,30.045264877138752,2.9388033225771935
2021-02-15,2021-02-22,240802,550500,48,201,4.0,-95.44546399884509,29.952517037464364,-95.34551947294504,30.045264877138752,14.096112369233442
2021-02-15,2021-02-22,240802,553403,48,201,4.0,-95.46346448131563,30.057674755690808,-95.34551947294504,30.045264877138752,11.4570874499835
2021-02-15,2021-02-22,241101,241101,48,201,4.0,-95.38911832832937,30.062464641839078,-95.36911832832938,30.082464641839078,2.9383396447484977
2021-02-15,2021-02-22,241101,553401,48,201,5.0,-95.44376602551114,30.041159630989586,-95.36911832832938,30.082464641839078,8.530932175485917
2021-02-15,2021-02-22,241101,553801,48,201,4.0,-95.50550663596417,30.041918718534358,-95.36911832832938,30.082464641839078,13.898233533663486
2021-02-15,2021-02-22,241101,554002,48,201,4.0,-95.54380695091417,29.999720959830807,-95.36911832832938,30.082464641839078,19.183102189189878
2021-02-15,2021-02-22,250500,222900,48,201,4.0,-95.34481880296913,29.914380757718657,-95.1761732193427,30.01311732149243,19.615441962409857
2021-02-15,2021-02-22,250500,231800,48,201,4.0,-95.30647064011396,29.87710501828628,-95.1761732193427,30.01311732149243,19.635370321553438
2021-02-15,2021-02-22,250500,250500,48,201,24.0,-95.1961732193427,29.99311732149243,-95.1761732193427,30.01311732149243,2.939203686260866
2021-02-15,2021-02-22,250500,250701,48,201,28.0,-95.2229315224694,30.012362922582483,-95.1761732193427,30.01311732149243,4.51173342883989
2021-02-15,2021-02-22,250500,250702,48,201,10.0,-95.17840119071941,30.003262186018837,-95.1761732193427,30.01311732149243,1.1134130051022242
2021-02-15,2021-02-22,250500,251100,48,201,4.0,-95.2354855968253,30.03503677551153,-95.1761732193427,30.01311732149243,6.216033024265803
2021-02-15,2021-02-22,250500,251200,48,201,4.0,-95.22272657880877,30.05764847630546,-95.1761732193427,30.01311732149243,6.673063142884075
2021-02-15,2021-02-22,250500,251401,48,201,4.0,-95.19123699207458,30.080877510677322,-95.1761732193427,30.01311732149243,7.650633339419203
2021-02-15,2021-02-22,250500,251501,48,201,4.0,-95.1602475911414,30.099335670972806,-95.1761732193427,30.01311732149243,9.680193071944052
2021-02-15,2021-02-22,250500,251600,48,201,19.0,-95.11343513893492,30.1013619377644,-95.1761732193427,30.01311732149243,11.501864042989206
2021-02-15,2021-02-22,250702,250701,48,201,4.0,-95.2229315224694,30.012362922582483,-95.15840119071942,30.023262186018837,6.34134346317329
2021-02-15,2021-02-22,250702,251000,48,201,5.0,-95.19597221794076,30.035161308256136,-95.15840119071942,30.023262186018837,3.856613487374466
2021-02-15,2021-02-22,251100,251100,48,201,4.0,-95.2354855968253,30.03503677551153,-95.2154855968253,30.055036775511528,2.9386815613313546
2021-02-15,2021-02-22,251100,251300,48,201,4.0,-95.19979906828152,30.05609818681653,-95.2154855968253,30.055036775511528,1.5172599477585307
2021-02-15,2021-02-22,251200,251200,48,201,4.0,-95.22272657880877,30.05764847630546,-95.20272657880878,30.07764847630546,2.9383996998367814
2021-02-15,2021-02-22,251200,251300,48,201,4.0,-95.19979906828152,30.05609818681653,-95.20272657880878,30.07764847630546,2.4055455009862485
2021-02-15,2021-02-22,251200,251402,48,201,4.0,-95.20131205193138,30.073209686569882,-95.20272657880878,30.07764847630546,0.5106062011657866
2021-02-15,2021-02-22,251300,250701,48,201,6.0,-95.2229315224694,30.012362922582483,-95.17979906828153,30.07609818681653,8.198911665361624
2021-02-15,2021-02-22,251300,251100,48,201,8.0,-95.2354855968253,30.03503677551153,-95.17979906828153,30.07609818681653,7.03957663409602
2021-02-15,2021-02-22,251300,251300,48,201,19.0,-95.19979906828152,30.05609818681653,-95.17979906828153,30.07609818681653,2.9384190296367123
2021-02-15,2021-02-22,251300,251401,48,201,8.0,-95.19123699207458,30.080877510677322,-95.17979906828153,30.07609818681653,1.2234030604745798
2021-02-15,2021-02-22,251300,251501,48,201,19.0,-95.1602475911414,30.099335670972806,-95.17979906828153,30.07609818681653,3.1918690579978453
2021-02-15,2021-02-22,251300,251503,48,201,4.0,-95.18505995260031,30.073632819729774,-95.17979906828153,30.07609818681653,0.5761632322061345
2021-02-15,2021-02-22,251402,251200,48,201,4.0,-95.22272657880877,30.05764847630546,-95.18131205193139,30.09320968656988,5.611007619919355
2021-02-15,2021-02-22,251402,251300,48,201,4.0,-95.19979906828152,30.05609818681653,-95.18131205193139,30.09320968656988,4.483473519070391
2021-02-15,2021-02-22,251402,251401,48,201,5.0,-95.19123699207458,30.080877510677322,-95.18131205193139,30.09320968656988,1.668626769490206
2021-02-15,2021-02-22,251402,251402,48,201,4.0,-95.20131205193138,30.073209686569882,-95.18131205193139,30.09320968656988,2.9382056340914158
2021-02-15,2021-02-22,251501,251300,48,201,4.0,-95.19979906828152,30.05609818681653,-95.1402475911414,30.119335670972806,9.060853678485573
2021-02-15,2021-02-22,251501,251401,48,201,6.0,-95.19123699207458,30.080877510677322,-95.1402475911414,30.119335670972806,6.506215519835177
2021-02-15,2021-02-22,251501,251501,48,201,11.0,-95.1602475911414,30.099335670972806,-95.1402475911414,30.119335670972806,2.9378796476205937
2021-02-15,2021-02-22,251503,251100,48,201,4.0,-95.2354855968253,30.03503677551153,-95.16505995260032,30.093632819729773,9.397149611550567
2021-02-15,2021-02-22,251503,251501,48,201,4.0,-95.1602475911414,30.099335670972806,-95.16505995260032,30.093632819729773,0.7841166072787724
2021-02-15,2021-02-22,252400,252400,48,201,10.0,-95.14285570059089,29.78183554924078,-95.12285570059089,29.801835549240778,2.941827089626058
2021-02-15,2021-02-22,252500,252500,48,201,4.0,-95.12520681405454,29.762548924008605,-95.10520681405454,29.782548924008605,2.942065880064221
2021-02-15,2021-02-22,252700,251800,48,201,4.0,-95.03293560686828,29.962651190812867,-95.0072109270252,29.935664438607546,3.8879569602172777
2021-02-15,2021-02-22,252700,251902,48,201,4.0,-95.09618864708507,29.90810929867071,-95.0072109270252,29.935664438607546,9.1186551959594
2021-02-15,2021-02-22,252700,252700,48,201,13.0,-95.0272109270252,29.915664438607546,-95.0072109270252,29.935664438607546,2.940166980088781
2021-02-15,2021-02-22,252700,252800,48,201,4.0,-95.03319623219093,29.86200305739162,-95.0072109270252,29.935664438607546,8.54242219402152
2021-02-15,2021-02-22,252800,251902,48,201,4.0,-95.09618864708507,29.90810929867071,-95.01319623219094,29.88200305739162,8.522413899125874
2021-02-15,2021-02-22,252800,252800,48,201,4.0,-95.03319623219093,29.86200305739162,-95.01319623219094,29.88200305739162,2.9408332959393664
2021-02-15,2021-02-22,253000,311300,48,201,4.0,-95.29457040560914,29.709731287175742,-94.9994230592074,29.842634056662074,32.11919186267628
2021-02-15,2021-02-22,253700,252700,48,201,4.0,-95.0272109270252,29.915664438607546,-94.95088027511188,29.783581275001666,16.394365809518167
2021-02-15,2021-02-22,253700,253700,48,201,4.0,-94.97088027511188,29.763581275001666,-94.95088027511188,29.783581275001666,2.942053101287119
2021-02-15,2021-02-22,253700,253800,48,201,4.0,-94.94824237864887,29.76635913576693,-94.95088027511188,29.783581275001666,1.9260187794592345
2021-02-15,2021-02-22,253700,254100,48,201,4.0,-94.95587899550628,29.746360170903937,-94.95088027511188,29.783581275001666,4.154129513230395
2021-02-15,2021-02-22,253700,254300,48,201,4.0,-94.97335242216244,29.74223227900456,-94.95088027511188,29.783581275001666,5.072656140906296
2021-02-15,2021-02-22,253700,343000,48,201,5.0,-95.10715621900917,29.657550178770677,-94.95088027511188,29.783581275001666,20.58637981985919
2021-02-15,2021-02-22,253700,343200,48,201,4.0,-95.05536474937206,29.658115614955086,-94.95088027511188,29.783581275001666,17.1936359383229
2021-02-15,2021-02-22,253700,343700,48,201,4.0,-95.06055231673506,29.637727002726297,-94.95088027511188,29.783581275001666,19.33944643380626
2021-02-15,2021-02-22,253900,253900,48,201,4.0,-94.93471159202826,29.75093208578366,-94.91471159202827,29.77093208578366,2.9422096543981175
2021-02-15,2021-02-22,254200,254100,48,201,8.0,-94.95587899550628,29.746360170903937,-94.94450485429904,29.748715684216634,1.1307741677054968
2021-02-15,2021-02-22,254200,254400,48,201,4.0,-94.97582092824308,29.726174529696962,-94.94450485429904,29.748715684216634,3.9269639732223736
2021-02-15,2021-02-22,254300,253800,48,201,4.0,-94.94824237864887,29.76635913576693,-94.95335242216244,29.76223227900456,0.6734310680797704
2021-02-15,2021-02-22,254300,254200,48,201,4.0,-94.96450485429904,29.728715684216635,-94.95335242216244,29.76223227900456,3.8687074105036836
2021-02-15,2021-02-22,254300,254300,48,201,4.0,-94.97335242216244,29.74223227900456,-94.95335242216244,29.76223227900456,2.942317299178292
2021-02-15,2021-02-22,254400,254400,48,201,4.0,-94.97582092824308,29.726174529696962,-94.95582092824309,29.74617452969696,2.9425159241446277
2021-02-15,2021-02-22,254600,253700,48,201,4.0,-94.97088027511188,29.763581275001666,-94.97990857968102,29.736997787928377,3.0734106258449145
2021-02-15,2021-02-22,254600,254000,48,201,4.0,-94.94275408346935,29.734949185759554,-94.97990857968102,29.736997787928377,3.6015168866108582
2021-02-15,2021-02-22,254600,254600,48,201,4.0,-94.99990857968102,29.716997787928378,-94.97990857968102,29.736997787928377,2.9426293992998507
2021-02-15,2021-02-22,254600,254700,48,201,4.0,-94.95969884545087,29.69988356516991,-94.97990857968102,29.736997787928377,4.555104013084364
2021-02-15,2021-02-22,254600,341600,48,201,4.0,-95.01469916973382,29.59237782188522,-94.97990857968102,29.736997787928377,16.3806539007967
2021-02-15,2021-02-22,254600,343100,48,201,4.0,-95.0793267689344,29.658266848779363,-94.97990857968102,29.736997787928377,12.989788145174392
2021-02-15,2021-02-22,310300,310300,48,201,4.0,-95.33597465645167,29.73645598452347,-95.31597465645167,29.75645598452347,2.9423887577335526
2021-02-15,2021-02-22,310300,311800,48,201,4.0,-95.32109859567137,29.705941200982934,-95.31597465645167,29.75645598452347,5.6213588567149415
2021-02-15,2021-02-22,310400,230200,48,201,4.0,-95.3056457403535,29.819548549913243,-95.30951845194956,29.771003774938045,5.39415065357011
2021-02-15,2021-02-22,310400,310400,48,201,4.0,-95.32951845194955,29.751003774938045,-95.30951845194956,29.771003774938045,2.9422087672742196
2021-02-15,2021-02-22,310400,350400,48,201,4.0,-95.21005630373222,29.595817334003332,-95.30951845194956,29.771003774938045,21.674272379844123
2021-02-15,2021-02-22,310400,454400,48,201,8.0,-95.67226684890356,29.74929677540976,-95.30951845194956,29.771003774938045,35.166503301558926
2021-02-15,2021-02-22,310500,330301,48,201,4.0,-95.47216803282949,29.636131787496918,-95.29641714958301,29.76738664239904,22.3819943676287
2021-02-15,2021-02-22,310800,311800,48,201,4.0,-95.32109859567137,29.705941200982934,-95.29074244627084,29.750243014524724,5.721973756549991
2021-02-15,2021-02-22,310900,232403,48,201,4.0,-95.20219326308671,29.81127369526339,-95.28132532053661,29.755790198231363,9.817027932687953
2021-02-15,2021-02-22,310900,310900,48,201,8.0,-95.3013253205366,29.735790198231363,-95.28132532053661,29.755790198231363,2.9423969935159815
2021-02-15,2021-02-22,310900,311100,48,201,4.0,-95.285183696909,29.733195817802272,-95.28132532053661,29.755790198231363,2.5322021334032323
2021-02-15,2021-02-22,311100,222300,48,201,4.0,-95.34889743848643,29.896237960154107,-95.265183696909,29.753195817802272,17.801345380860425
2021-02-15,2021-02-22,311100,233101,48,201,4.0,-95.17932741942595,29.787529739197378,-95.265183696909,29.753195817802272,9.133659522367156
2021-02-15,2021-02-22,311100,252500,48,201,4.0,-95.12520681405454,29.762548924008605,-95.265183696909,29.753195817802272,13.578153606961884
2021-02-15,2021-02-22,311100,331800,48,201,4.0,-95.34545543266545,29.65267874753436,-95.265183696909,29.753195817802272,13.582659200134584
2021-02-15,2021-02-22,311100,555701,48,201,4.0,-95.74033521930204,30.01060637150118,-95.265183696909,29.753195817802272,54.04603752499791
2021-02-15,2021-02-22,311600,311600,48,201,8.0,-95.2861717942271,29.701108679051448,-95.2661717942271,29.721108679051447,2.942825814789321
2021-02-15,2021-02-22,311900,320500,48,201,4.0,-95.24531443696365,29.69876411718843,-95.30544280994867,29.7369192120605,7.192765496122265
2021-02-15,2021-02-22,311900,320602,48,201,4.0,-95.25845676608841,29.67799741838303,-95.30544280994867,29.7369192120605,7.958092524019758
2021-02-15,2021-02-22,311900,332800,48,201,4.0,-95.30744894277485,29.69158923312749,-95.30544280994867,29.7369192120605,5.0284694088306905
2021-02-15,2021-02-22,311900,333600,48,201,4.0,-95.29986966608773,29.65942490990188,-95.30544280994867,29.7369192120605,8.606955461709605
2021-02-15,2021-02-22,312300,310200,48,201,4.0,-95.35112741064725,29.74347428595876,-95.34036741001728,29.757727846609747,1.8919735547773093
2021-02-15,2021-02-22,312300,312300,48,201,4.0,-95.36036741001728,29.737727846609747,-95.34036741001728,29.757727846609747,2.942373024409547
2021-02-15,2021-02-22,312400,312400,48,201,7.0,-95.36101278188013,29.729898065003216,-95.34101278188014,29.749898065003215,2.94246987328368
2021-02-15,2021-02-22,312400,313300,48,201,4.0,-95.33594572654837,29.704477519973754,-95.34101278188014,29.749898065003215,5.058580674732404
2021-02-15,2021-02-22,312400,331300,48,201,4.0,-95.37916571811081,29.64620155150449,-95.34101278188014,29.749898065003215,12.072964931144055
2021-02-15,2021-02-22,312400,980000,48,201,4.0,-95.27733971473029,29.646318307456703,-95.34101278188014,29.749898065003215,13.030623335192878
2021-02-15,2021-02-22,313000,210600,48,201,4.0,-95.36535987660318,29.807040425161116,-95.35344554362709,29.7390689072635,7.622135188702725
2021-02-15,2021-02-22,313300,311900,48,201,4.0,-95.32544280994867,29.7169192120605,-95.31594572654838,29.724477519973753,1.2435070231681098
2021-02-15,2021-02-22,313500,313500,48,201,4.0,-95.34789305457154,29.688713949460087,-95.32789305457155,29.708713949460087,2.942978979803024
2021-02-15,2021-02-22,313500,342500,48,201,4.0,-95.13361274402791,29.696744313663565,-95.32789305457155,29.708713949460087,18.847757766256247
2021-02-15,2021-02-22,313500,533902,48,201,4.0,-95.50115768330681,29.930391360292237,-95.32789305457155,29.708713949460087,29.73737975718357
2021-02-15,2021-02-22,313600,313500,48,201,4.0,-95.34789305457154,29.688713949460087,-95.33757419390098,29.71164801191221,2.731282316675465
2021-02-15,2021-02-22,313700,313700,48,201,4.0,-95.366546303536,29.697541571894174,-95.346546303536,29.717541571894174,2.9428698993626274
2021-02-15,2021-02-22,320100,333201,48,201,4.0,-95.26995228052662,29.66939643113734,-95.261269903323,29.714669182970344,5.0882274013938344
2021-02-15,2021-02-22,320100,521300,48,201,4.0,-95.51393937260731,29.815964973680718,-95.261269903323,29.714669182970344,26.892580087957885
2021-02-15,2021-02-22,320100,556000,48,201,4.0,-95.85847486357737,30.073793956113636,-95.261269903323,29.714669182970344,70.08625971122521
2021-02-15,2021-02-22,320500,320500,48,201,4.0,-95.24531443696365,29.69876411718843,-95.22531443696366,29.718764117188428,2.942854790815429
2021-02-15,2021-02-22,320500,332500,48,201,4.0,-95.30770143718411,29.66484173551228,-95.22531443696366,29.718764117188428,9.965219215397013
2021-02-15,2021-02-22,320601,320500,48,201,4.0,-95.24531443696365,29.69876411718843,-95.24221692910687,29.7040571517231,0.6588582029877967
2021-02-15,2021-02-22,320601,333201,48,201,5.0,-95.26995228052662,29.66939643113734,-95.24221692910687,29.7040571517231,4.686954841007446
2021-02-15,2021-02-22,320602,320500,48,201,4.0,-95.24531443696365,29.69876411718843,-95.23845676608842,29.69799741838303,0.6690823161980347
2021-02-15,2021-02-22,320602,320602,48,201,9.0,-95.25845676608841,29.67799741838303,-95.23845676608842,29.69799741838303,2.9431113685525263
2021-02-15,2021-02-22,320800,342002,48,201,4.0,-95.1527807772615,29.638940410210605,-95.22100245324417,29.679806575463264,8.008960487588594
2021-02-15,2021-02-22,321500,232701,48,201,4.0,-95.2278273334352,29.788649630360545,-95.19188071063928,29.685047123567806,11.999087279661678
2021-02-15,2021-02-22,321600,321402,48,201,4.0,-95.21976901357118,29.656644509924558,-95.19962518470439,29.697210426862473,4.901172607665005
2021-02-15,2021-02-22,321600,321600,48,201,4.0,-95.21962518470438,29.677210426862473,-95.19962518470439,29.697210426862473,2.9431210894038453
2021-02-15,2021-02-22,321600,321800,48,201,4.0,-95.23872791598518,29.687876179809457,-95.19962518470439,29.697210426862473,3.9233451447767917
2021-02-15,2021-02-22,321600,323701,48,201,4.0,-95.17877213581255,29.6577450312299,-95.19962518470439,29.697210426862473,4.817850815976229
2021-02-15,2021-02-22,321700,230200,48,201,4.0,-95.3056457403535,29.819548549913243,-95.21557489834235,29.697984948906797,16.045872286397433
2021-02-15,2021-02-22,321700,252100,48,201,4.0,-95.13592268247119,29.885702986188743,-95.21557489834235,29.697984948906797,22.187782728011612
2021-02-15,2021-02-22,321700,321600,48,201,4.0,-95.21962518470438,29.677210426862473,-95.21557489834235,29.697984948906797,2.3359264177792287
2021-02-15,2021-02-22,321700,321700,48,201,8.0,-95.23557489834235,29.677984948906797,-95.21557489834235,29.697984948906797,2.9431115225738376
2021-02-15,2021-02-22,321700,333600,48,201,4.0,-95.29986966608773,29.65942490990188,-95.21557489834235,29.697984948906797,9.211107776273439
2021-02-15,2021-02-22,321700,350300,48,201,4.0,-95.22485532304022,29.58288019915655,-95.21557489834235,29.697984948906797,12.79055541684814
2021-02-15,2021-02-22,321900,233702,48,201,4.0,-95.23788869738793,29.747392785389962,-95.20486417616907,29.71577211514656,4.742715809314389
2021-02-15,2021-02-22,321900,321900,48,201,8.0,-95.22486417616906,29.69577211514656,-95.20486417616907,29.71577211514656,2.9428917659726053
2021-02-15,2021-02-22,321900,322100,48,201,4.0,-95.21042119968175,29.690043155372216,-95.20486417616907,29.71577211514656,2.902246953508734
2021-02-15,2021-02-22,321900,322600,48,201,4.0,-95.15777450023833,29.699057687964512,-95.20486417616907,29.71577211514656,4.919034990119507
2021-02-15,2021-02-22,321900,323802,48,201,4.0,-95.17910148676559,29.67324415073919,-95.20486417616907,29.71577211514656,5.332869992163379
2021-02-15,2021-02-22,321900,333000,48,201,4.0,-95.28490137894693,29.681572696588095,-95.20486417616907,29.71577211514656,8.623638855213267
2021-02-15,2021-02-22,322100,332800,48,201,4.0,-95.30744894277485,29.69158923312749,-95.19042119968175,29.710043155372215,11.508539750978247
2021-02-15,2021-02-22,322200,321900,48,201,4.0,-95.22486417616906,29.69577211514656,-95.19287224854338,29.72440869940097,4.4339150636635125
2021-02-15,2021-02-22,322200,322200,48,201,4.0,-95.21287224854338,29.70440869940097,-95.19287224854338,29.72440869940097,2.9427850275389735
2021-02-15,2021-02-22,322200,322600,48,201,8.0,-95.15777450023833,29.699057687964512,-95.19287224854338,29.72440869940097,4.4080380498119665
2021-02-15,2021-02-22,322200,323200,48,201,4.0,-95.18291767604194,29.686906808786365,-95.19287224854338,29.72440869940097,4.26714439492599
2021-02-15,2021-02-22,322200,342300,48,201,4.0,-95.13122718891839,29.67370518552122,-95.19287224854338,29.72440869940097,8.196262762774907
2021-02-15,2021-02-22,322600,342500,48,201,4.0,-95.13361274402791,29.696744313663565,-95.13777450023834,29.71905768796451,2.5059543171681504
2021-02-15,2021-02-22,322600,342900,48,201,4.0,-95.105245278469,29.67174945281511,-95.13777450023834,29.71905768796451,6.11640266888116
2021-02-15,2021-02-22,322900,322900,48,201,4.0,-95.19430652154462,29.703471848171684,-95.17430652154462,29.723471848171684,2.9427966070777525
2021-02-15,2021-02-22,322900,323400,48,201,4.0,-95.19955543031553,29.676607127634018,-95.17430652154462,29.723471848171684,5.740802445778264
2021-02-15,2021-02-22,323000,320602,48,201,4.0,-95.25845676608841,29.67799741838303,-95.17199441667759,29.714899071609228,9.313979976614966
2021-02-15,2021-02-22,323000,321900,48,201,5.0,-95.22486417616906,29.69577211514656,-95.17199441667759,29.714899071609228,5.5381170453397885
2021-02-15,2021-02-22,323000,322900,48,201,4.0,-95.19430652154462,29.703471848171684,-95.17199441667759,29.714899071609228,2.503202536134015
2021-02-15,2021-02-22,323000,323000,48,201,4.0,-95.19199441667759,29.69489907160923,-95.17199441667759,29.714899071609228,2.94290255452068
2021-02-15,2021-02-22,323000,323200,48,201,4.0,-95.18291767604194,29.686906808786365,-95.17199441667759,29.714899071609228,3.2779938037560785
2021-02-15,2021-02-22,323000,323400,48,201,4.0,-95.19955543031553,29.676607127634018,-95.17199441667759,29.714899071609228,5.013078631116246
2021-02-15,2021-02-22,323000,342002,48,201,4.0,-95.1527807772615,29.638940410210605,-95.17199441667759,29.714899071609228,8.62275123590502
2021-02-15,2021-02-22,323000,342700,48,201,4.0,-95.11857440314054,29.695313211691523,-95.17199441667759,29.714899071609228,5.606856593112848
2021-02-15,2021-02-22,323100,322800,48,201,4.0,-95.1810712726831,29.70612694587294,-95.14937159547794,29.708444502565797,3.0782584610531414
2021-02-15,2021-02-22,323200,323200,48,201,4.0,-95.18291767604194,29.686906808786365,-95.16291767604194,29.706906808786364,2.9430013071569063
2021-02-15,2021-02-22,323200,323900,48,201,4.0,-95.16419656048379,29.67352453004712,-95.16291767604194,29.706906808786364,3.702402985485638
2021-02-15,2021-02-22,323200,532900,48,201,4.0,-95.47318077777015,29.89259611482773,-95.16291767604194,29.706906808786364,36.37912871690967
2021-02-15,2021-02-22,323300,334001,48,201,4.0,-95.22624820828364,29.615540016534865,-95.18112547466629,29.70716476203733,11.055936169149655
2021-02-15,2021-02-22,323400,323400,48,201,4.0,-95.19955543031553,29.676607127634018,-95.17955543031553,29.696607127634017,2.9431285411744486
2021-02-15,2021-02-22,323701,322100,48,201,4.0,-95.21042119968175,29.690043155372216,-95.15877213581255,29.6777450312299,5.181677937215517
2021-02-15,2021-02-22,323701,350300,48,201,4.0,-95.22485532304022,29.58288019915655,-95.15877213581255,29.6777450312299,12.309710298086797
2021-02-15,2021-02-22,323801,323200,48,201,8.0,-95.18291767604194,29.686906808786365,-95.16919352368228,29.694381624886333,1.5655173450916977
2021-02-15,2021-02-22,323802,321900,48,201,4.0,-95.22486417616906,29.69577211514656,-95.15910148676559,29.69324415073919,6.370707081493299
2021-02-15,2021-02-22,323802,323801,48,201,8.0,-95.18919352368228,29.674381624886333,-95.15910148676559,29.69324415073919,3.585399312421172
2021-02-15,2021-02-22,323802,323802,48,201,11.0,-95.17910148676559,29.67324415073919,-95.15910148676559,29.69324415073919,2.943170077589446
2021-02-15,2021-02-22,323802,324000,48,201,4.0,-95.17200629634564,29.641858894216384,-95.15910148676559,29.69324415073919,5.8312843917866815
2021-02-15,2021-02-22,323802,342500,48,201,4.0,-95.13361274402791,29.696744313663565,-95.15910148676559,29.69324415073919,2.4971246970050087
2021-02-15,2021-02-22,323900,323900,48,201,4.0,-95.16419656048379,29.67352453004712,-95.14419656048379,29.69352453004712,2.943166614733781
2021-02-15,2021-02-22,324000,321402,48,201,4.0,-95.21976901357118,29.656644509924558,-95.15200629634565,29.661858894216383,6.585806026861078
2021-02-15,2021-02-22,324000,322600,48,201,4.0,-95.15777450023833,29.699057687964512,-95.15200629634565,29.661858894216383,4.161005975772539
2021-02-15,2021-02-22,324000,323702,48,201,4.0,-95.17661733979884,29.6453195034943,-95.15200629634565,29.661858894216383,3.006494220010584
2021-02-15,2021-02-22,324000,324000,48,201,12.0,-95.17200629634564,29.641858894216384,-95.15200629634565,29.661858894216383,2.9435575507084875
2021-02-15,2021-02-22,324000,331300,48,201,4.0,-95.37916571811081,29.64620155150449,-95.15200629634565,29.661858894216383,22.061762825041416
2021-02-15,2021-02-22,324000,341400,48,201,4.0,-95.06341872396571,29.58829944147005,-95.15200629634565,29.661858894216383,11.835995347582122
2021-02-15,2021-02-22,324000,342100,48,201,6.0,-95.14209959490461,29.656977635615277,-95.15200629634565,29.661858894216383,1.1012021537817336
2021-02-15,2021-02-22,324000,342200,48,201,4.0,-95.14646980804983,29.671917391005746,-95.15200629634565,29.661858894216383,1.23708670184536
2021-02-15,2021-02-22,324000,532700,48,201,4.0,-95.48068345806662,29.876391508286346,-95.15200629634565,29.661858894216383,39.69715788810025
2021-02-15,2021-02-22,330301,330700,48,201,4.0,-95.44215531054026,29.5982132620157,-95.45216803282949,29.656131787496918,6.492864621426176
2021-02-15,2021-02-22,330301,423600,48,201,4.0,-95.51949594261283,29.6367521221865,-95.45216803282949,29.656131787496918,6.863934272465215
2021-02-15,2021-02-22,330302,332000,48,201,4.0,-95.34681370883808,29.672440208659125,-95.45656155756859,29.635778056662627,11.376307610826112
2021-02-15,2021-02-22,330302,422200,48,201,4.0,-95.5013309379984,29.638727518511253,-95.45656155756859,29.635778056662627,4.347564618305299
2021-02-15,2021-02-22,330400,421401,48,201,4.0,-95.49251103778508,29.714443036217443,-95.43550717909442,29.63668853228816,10.233853369658119
2021-02-15,2021-02-22,332000,332000,48,201,4.0,-95.34681370883808,29.672440208659125,-95.32681370883809,29.692440208659125,2.94318000662755
2021-02-15,2021-02-22,332400,332300,48,201,4.0,-95.32336359265081,29.66656053736075,-95.30874158584415,29.678110197827408,1.9085286132854902
2021-02-15,2021-02-22,332500,332300,48,201,4.0,-95.32336359265081,29.66656053736075,-95.28770143718411,29.68484173551228,4.002867811874484
2021-02-15,2021-02-22,332500,332500,48,201,4.0,-95.30770143718411,29.66484173551228,-95.28770143718411,29.68484173551228,2.9432738412335984
2021-02-15,2021-02-22,332500,333600,48,201,4.0,-95.29986966608773,29.65942490990188,-95.28770143718411,29.68484173551228,3.05369939007822
2021-02-15,2021-02-22,332600,332600,48,201,4.0,-95.3068505827986,29.675008477948236,-95.2868505827986,29.695008477948235,2.9431482866691243
2021-02-15,2021-02-22,332600,332800,48,201,5.0,-95.30744894277485,29.69158923312749,-95.2868505827986,29.695008477948235,2.029251449855519
2021-02-15,2021-02-22,332600,333600,48,201,4.0,-95.29986966608773,29.65942490990188,-95.2868505827986,29.695008477948235,4.140758800531114
2021-02-15,2021-02-22,333600,332500,48,201,4.0,-95.30770143718411,29.66484173551228,-95.27986966608773,29.67942490990188,3.141911965876028
2021-02-15,2021-02-22,333600,332600,48,201,4.0,-95.3068505827986,29.675008477948236,-95.27986966608773,29.67942490990188,2.657157668208551
2021-02-15,2021-02-22,333600,333600,48,201,4.0,-95.29986966608773,29.65942490990188,-95.27986966608773,29.67942490990188,2.943340723452617
2021-02-15,2021-02-22,333700,221900,48,201,4.0,-95.34910391986152,29.8818680148654,-95.27310609153936,29.65562185493391,26.133829416629734
2021-02-15,2021-02-22,333700,331100,48,201,4.0,-95.36912322068004,29.674955237204802,-95.27310609153936,29.65562185493391,9.539109754441775
2021-02-15,2021-02-22,334003,334001,48,201,4.0,-95.22624820828364,29.615540016534865,-95.21046992464848,29.62548983241628,1.8845732602149359
2021-02-15,2021-02-22,334003,334003,48,201,5.0,-95.23046992464847,29.605489832416282,-95.21046992464848,29.62548983241628,2.944006170561048
2021-02-15,2021-02-22,340203,340302,48,201,4.0,-95.11284180120865,29.596001437485885,-95.08069116836832,29.628274011587987,4.742836115893887
2021-02-15,2021-02-22,340301,340800,48,201,4.0,-95.1438188974072,29.581492972863234,-95.10647508770415,29.61149464232934,4.913931904963528
2021-02-15,2021-02-22,340400,340203,48,201,4.0,-95.10069116836831,29.608274011587987,-95.09254165734382,29.59975589108314,1.2307282035745568
2021-02-15,2021-02-22,340400,340302,48,201,5.0,-95.11284180120865,29.596001437485885,-95.09254165734382,29.59975589108314,2.0100867154423345
2021-02-15,2021-02-22,340400,340400,48,201,4.0,-95.11254165734381,29.579755891083142,-95.09254165734382,29.59975589108314,2.944323356086759
2021-02-15,2021-02-22,340400,341201,48,201,4.0,-95.11098580054673,29.5268620803007,-95.09254165734382,29.59975589108314,8.275249920103212
2021-02-15,2021-02-22,340400,342700,48,201,5.0,-95.11857440314054,29.695313211691523,-95.09254165734382,29.59975589108314,10.887984834004643
2021-02-15,2021-02-22,340600,340800,48,201,4.0,-95.1438188974072,29.581492972863234,-95.11125242777935,29.59586315326563,3.534382299789761
2021-02-15,2021-02-22,340800,340201,48,201,4.0,-95.16686953545799,29.60961424588521,-95.1238188974072,29.601492972863234,4.266182627579833
2021-02-15,2021-02-22,340800,340203,48,201,7.0,-95.10069116836831,29.608274011587987,-95.1238188974072,29.601492972863234,2.363027872499316
2021-02-15,2021-02-22,340800,340600,48,201,4.0,-95.13125242777934,29.57586315326563,-95.1238188974072,29.601492972863234,2.930810940793457
2021-02-15,2021-02-22,340800,340800,48,201,12.0,-95.1438188974072,29.581492972863234,-95.1238188974072,29.601492972863234,2.944301952033059
2021-02-15,2021-02-22,340800,350801,48,201,4.0,-95.17445210296496,29.52459530256735,-95.1238188974072,29.601492972863234,9.835110068614293
2021-02-15,2021-02-22,341600,341600,48,201,4.0,-95.01469916973382,29.59237782188522,-94.99469916973382,29.612377821885218,2.9441678092699903
2021-02-15,2021-02-22,342001,211900,48,201,4.0,-95.29950976465496,29.783816949955913,-95.10899919656525,29.661072819199045,22.910281865459893
2021-02-15,2021-02-22,342001,254200,48,201,4.0,-94.96450485429904,29.728715684216635,-95.10899919656525,29.661072819199045,15.867496051317143
2021-02-15,2021-02-22,342001,340202,48,201,4.0,-95.1410115695437,29.61241689213952,-95.10899919656525,29.661072819199045,6.22074465469382
2021-02-15,2021-02-22,342001,341502,48,201,4.0,-95.03602938328702,29.561934423631165,-95.10899919656525,29.661072819199045,13.065774683922175
2021-02-15,2021-02-22,342001,342001,48,201,33.0,-95.12899919656525,29.641072819199046,-95.10899919656525,29.661072819199045,2.94356725144089
2021-02-15,2021-02-22,342001,342002,48,201,4.0,-95.1527807772615,29.638940410210605,-95.10899919656525,29.661072819199045,4.897792379022183
2021-02-15,2021-02-22,342001,342100,48,201,4.0,-95.14209959490461,29.656977635615277,-95.10899919656525,29.661072819199045,3.2365867352724087
2021-02-15,2021-02-22,342001,342300,48,201,4.0,-95.13122718891839,29.67370518552122,-95.10899919656525,29.661072819199045,2.5672978459374045
2021-02-15,2021-02-22,342001,342400,48,201,4.0,-95.14845873800128,29.694771557507693,-95.10899919656525,29.661072819199045,5.3424830346450145
2021-02-15,2021-02-22,342001,342700,48,201,8.0,-95.11857440314054,29.695313211691523,-95.10899919656525,29.661072819199045,3.9069741917201877
2021-02-15,2021-02-22,342001,342900,48,201,5.0,-95.105245278469,29.67174945281511,-95.10899919656525,29.661072819199045,1.2380098434336653
2021-02-15,2021-02-22,342001,343000,48,201,14.0,-95.10715621900917,29.657550178770677,-95.10899919656525,29.661072819199045,0.4293078339519809
2021-02-15,2021-02-22,342002,323701,48,201,4.0,-95.17877213581255,29.6577450312299,-95.1327807772615,29.658940410210604,4.454627773591638
2021-02-15,2021-02-22,342002,323702,48,201,4.0,-95.17661733979884,29.6453195034943,-95.1327807772615,29.658940410210604,4.504850490253742
2021-02-15,2021-02-22,342002,340202,48,201,4.0,-95.1410115695437,29.61241689213952,-95.1327807772615,29.658940410210604,5.2181917321654705
2021-02-15,2021-02-22,342002,342001,48,201,7.0,-95.12899919656525,29.641072819199046,-95.1327807772615,29.658940410210604,2.014121098362948
2021-02-15,2021-02-22,342002,342002,48,201,5.0,-95.1527807772615,29.638940410210605,-95.1327807772615,29.658940410210604,2.9435935659433508
2021-02-15,2021-02-22,342002,342100,48,201,5.0,-95.14209959490461,29.656977635615277,-95.1327807772615,29.658940410210604,0.9280679191492842
2021-02-15,2021-02-22,342002,343000,48,201,4.0,-95.10715621900917,29.657550178770677,-95.1327807772615,29.658940410210604,2.485627420000141
2021-02-15,2021-02-22,342002,343302,48,201,4.0,-95.06680631678827,29.66984938378862,-95.1327807772615,29.658940410210604,6.500401853605648
2021-02-15,2021-02-22,342100,343000,48,201,4.0,-95.10715621900917,29.657550178770677,-95.12209959490461,29.676977635615277,2.5942518344799024
2021-02-15,2021-02-22,342100,343200,48,201,5.0,-95.05536474937206,29.658115614955086,-95.12209959490461,29.676977635615277,6.790254580904311
2021-02-15,2021-02-22,342500,342001,48,201,4.0,-95.12899919656525,29.641072819199046,-95.11361274402792,29.716744313663565,8.51915662441505
2021-02-15,2021-02-22,342700,342001,48,201,4.0,-95.12899919656525,29.641072819199046,-95.09857440314055,29.715313211691523,8.740415069358422
2021-02-15,2021-02-22,342700,342002,48,201,4.0,-95.1527807772615,29.638940410210605,-95.09857440314055,29.715313211691523,9.959881120401297
2021-02-15,2021-02-22,342700,342700,48,201,4.0,-95.11857440314054,29.695313211691523,-95.09857440314055,29.715313211691523,2.9428974368557075
2021-02-15,2021-02-22,342700,342900,48,201,8.0,-95.105245278469,29.67174945281511,-95.09857440314055,29.715313211691523,4.871892349224776
2021-02-15,2021-02-22,342700,343100,48,201,4.0,-95.0793267689344,29.658266848779363,-95.09857440314055,29.715313211691523,6.5921377926901155
2021-02-15,2021-02-22,342900,342300,48,201,4.0,-95.13122718891839,29.67370518552122,-95.085245278469,29.69174945281511,4.8794534979105535
2021-02-15,2021-02-22,342900,342900,48,201,15.0,-95.105245278469,29.67174945281511,-95.085245278469,29.69174945281511,2.9431885376065483
2021-02-15,2021-02-22,342900,343000,48,201,4.0,-95.10715621900917,29.657550178770677,-95.085245278469,29.69174945281511,4.343882973701521
2021-02-15,2021-02-22,343100,342100,48,201,4.0,-95.14209959490461,29.656977635615277,-95.0593267689344,29.678266848779362,8.35318898665883
2021-02-15,2021-02-22,343100,343000,48,201,4.0,-95.10715621900917,29.657550178770677,-95.0593267689344,29.678266848779362,5.168351602299863
2021-02-15,2021-02-22,343100,343200,48,201,4.0,-95.05536474937206,29.658115614955086,-95.0593267689344,29.678266848779362,2.266391053058026
2021-02-15,2021-02-22,343301,342300,48,201,8.0,-95.13122718891839,29.67370518552122,-95.0452006495277,29.704781061675543,9.010551814954969
2021-02-15,2021-02-22,343301,342500,48,201,4.0,-95.13361274402791,29.696744313663565,-95.0452006495277,29.704781061675543,8.602283105158662
2021-02-15,2021-02-22,343301,343200,48,201,4.0,-95.05536474937206,29.658115614955086,-95.0452006495277,29.704781061675543,5.265454771699102
2021-02-15,2021-02-22,343301,343301,48,201,5.0,-95.0652006495277,29.684781061675544,-95.0452006495277,29.704781061675543,2.943027569623384
2021-02-15,2021-02-22,343301,343302,48,201,4.0,-95.06680631678827,29.66984938378862,-95.0452006495277,29.704781061675543,4.400672484822085
2021-02-15,2021-02-22,343700,324000,48,201,6.0,-95.17200629634564,29.641858894216384,-95.04055231673506,29.657727002726297,12.848764519848185
2021-02-15,2021-02-22,350400,334003,48,201,4.0,-95.23046992464847,29.605489832416282,-95.19005630373222,29.61581733400333,4.07844580157484
2021-02-15,2021-02-22,350400,350400,48,201,4.0,-95.21005630373222,29.595817334003332,-95.19005630373222,29.61581733400333,2.9441254137427824
2021-02-15,2021-02-22,350500,331700,48,201,4.0,-95.33244945820725,29.643417486952927,-95.17580448633183,29.602205762681717,15.843762918631679
2021-02-15,2021-02-22,350500,340203,48,201,8.0,-95.10069116836831,29.608274011587987,-95.17580448633183,29.602205762681717,7.306942270730606
2021-02-15,2021-02-22,350500,341201,48,201,4.0,-95.11098580054673,29.5268620803007,-95.17580448633183,29.602205762681717,10.4499365262796
2021-02-15,2021-02-22,350500,342001,48,201,4.0,-95.12899919656525,29.641072819199046,-95.17580448633183,29.602205762681717,6.253808391999683
2021-02-15,2021-02-22,350500,350500,48,201,8.0,-95.19580448633182,29.582205762681717,-95.17580448633183,29.602205762681717,2.9442931688752076
2021-02-15,2021-02-22,350601,340800,48,201,4.0,-95.1438188974072,29.581492972863234,-95.15263093186172,29.57458667846278,1.1467502677960268
2021-02-15,2021-02-22,350601,350601,48,201,4.0,-95.17263093186172,29.55458667846278,-95.15263093186172,29.57458667846278,2.944633382045354
2021-02-15,2021-02-22,350700,350700,48,201,8.0,-95.18698897473938,29.533971316197096,-95.16698897473938,29.553971316197096,2.9448871684951787
2021-02-15,2021-02-22,410300,421700,48,201,4.0,-95.48833152026526,29.686535657749126,-95.38371068817358,29.776739459605142,14.227554410745956
2021-02-15,2021-02-22,411100,410401,48,201,4.0,-95.40639242926332,29.747513644103783,-95.3940674511644,29.77039247839532,2.802268021304902
2021-02-15,2021-02-22,411100,411700,48,201,4.0,-95.4543516661619,29.725488217220082,-95.3940674511644,29.77039247839532,7.666776309715044
2021-02-15,2021-02-22,411100,432600,48,201,4.0,-95.51064106350104,29.725934851020078,-95.3940674511644,29.77039247839532,12.305885950763747
2021-02-15,2021-02-22,411400,312700,48,201,4.0,-95.36820967100245,29.726757378935396,-95.4130814129843,29.76464471299766,6.039685134427411
2021-02-15,2021-02-22,411400,411100,48,201,4.0,-95.4140674511644,29.75039247839532,-95.4130814129843,29.76464471299766,1.5827128764266838
2021-02-15,2021-02-22,411400,411200,48,201,4.0,-95.43116803352233,29.753089448641965,-95.4130814129843,29.76464471299766,2.1681236370501873
2021-02-15,2021-02-22,411400,411400,48,201,13.0,-95.4330814129843,29.744644712997662,-95.4130814129843,29.76464471299766,2.9422874518983257
2021-02-15,2021-02-22,411400,412800,48,201,4.0,-95.45318446348145,29.697907984995854,-95.4130814129843,29.76464471299766,8.353296431964493
2021-02-15,2021-02-22,411400,522500,48,201,4.0,-95.50118604712421,29.789954061941764,-95.4130814129843,29.76464471299766,8.969835377254604
2021-02-15,2021-02-22,411700,310300,48,201,4.0,-95.33597465645167,29.73645598452347,-95.4343516661619,29.745488217220082,9.56910693951163
2021-02-15,2021-02-22,411700,311300,48,201,4.0,-95.29457040560914,29.709731287175742,-95.4343516661619,29.745488217220082,14.092520879821887
2021-02-15,2021-02-22,412400,412300,48,201,4.0,-95.42417743958704,29.715754614491026,-95.41526608097553,29.73619483911041,2.424250856166892
2021-02-15,2021-02-22,412400,412700,48,201,4.0,-95.45366694737412,29.713500100427122,-95.41526608097553,29.73619483911041,4.486900124392112
2021-02-15,2021-02-22,412700,411600,48,201,4.0,-95.45374495557573,29.735475103986296,-95.43366694737412,29.733500100427122,1.9546870269999648
2021-02-15,2021-02-22,412700,411700,48,201,4.0,-95.4543516661619,29.725488217220082,-95.43366694737412,29.733500100427122,2.1893953473806236
2021-02-15,2021-02-22,412700,412700,48,201,8.0,-95.45366694737412,29.713500100427122,-95.43366694737412,29.733500100427122,2.9426726431622354
2021-02-15,2021-02-22,412700,412800,48,201,8.0,-95.45318446348145,29.697907984995854,-95.43366694737412,29.733500100427122,4.374004028118309
2021-02-15,2021-02-22,412700,420900,48,201,4.0,-95.47016081643858,29.697172534803208,-95.43366694737412,29.733500100427122,5.355785704651521
2021-02-15,2021-02-22,413000,412600,48,201,8.0,-95.44450787998713,29.714830494459353,-95.42237709135875,29.717288565894027,2.1586352734050402
2021-02-15,2021-02-22,413000,412700,48,201,4.0,-95.45366694737412,29.713500100427122,-95.42237709135875,29.717288565894027,3.0566043029638843
2021-02-15,2021-02-22,413000,412800,48,201,4.0,-95.45318446348145,29.697907984995854,-95.42237709135875,29.717288565894027,3.674573109039472
2021-02-15,2021-02-22,413000,413000,48,201,8.0,-95.44237709135875,29.697288565894027,-95.42237709135875,29.717288565894027,2.942873026021866
2021-02-15,2021-02-22,413000,413100,48,201,8.0,-95.43233941689532,29.6985560768718,-95.42237709135875,29.717288565894027,2.2893229333130143
2021-02-15,2021-02-22,413000,420400,48,201,4.0,-95.45590022877754,29.65751475660254,-95.42237709135875,29.717288565894027,7.377546035771832
2021-02-15,2021-02-22,413000,430200,48,201,4.0,-95.48474728229584,29.775982413301225,-95.42237709135875,29.717288565894027,8.872860615239826
2021-02-15,2021-02-22,413000,533701,48,201,10.0,-95.43095915471973,29.928606008981205,-95.42237709135875,29.717288565894027,23.43910844006835
2021-02-15,2021-02-22,413100,330400,48,201,4.0,-95.45550717909441,29.616688532288162,-95.41233941689532,29.7185560768718,12.04016950540511
2021-02-15,2021-02-22,413100,412300,48,201,4.0,-95.42417743958704,29.715754614491026,-95.41233941689532,29.7185560768718,1.1867799459070247
2021-02-15,2021-02-22,413100,412500,48,201,6.0,-95.43670988007146,29.70893952524139,-95.41233941689532,29.7185560768718,2.5878744630315555
2021-02-15,2021-02-22,413100,412600,48,201,4.0,-95.44450787998713,29.714830494459353,-95.41233941689532,29.7185560768718,3.1398701350565434
2021-02-15,2021-02-22,413100,412700,48,201,4.0,-95.45366694737412,29.713500100427122,-95.41233941689532,29.7185560768718,4.037926006032117
2021-02-15,2021-02-22,413100,412800,48,201,13.0,-95.45318446348145,29.697907984995854,-95.41233941689532,29.7185560768718,4.567333006003807
2021-02-15,2021-02-22,413100,413000,48,201,8.0,-95.44237709135875,29.697288565894027,-95.41233941689532,29.7185560768718,3.742502208196025
2021-02-15,2021-02-22,413100,420400,48,201,4.0,-95.45590022877754,29.65751475660254,-95.41233941689532,29.7185560768718,7.972314631812606
2021-02-15,2021-02-22,413100,430700,48,201,4.0,-95.538815313958,29.77708135169639,-95.41233941689532,29.7185560768718,13.847581415130243
2021-02-15,2021-02-22,420100,311600,48,201,4.0,-95.2861717942271,29.701108679051448,-95.41573998979658,29.6934152796982,12.56828873465625
2021-02-15,2021-02-22,420100,412600,48,201,4.0,-95.44450787998713,29.714830494459353,-95.41573998979658,29.6934152796982,3.6585724461184213
2021-02-15,2021-02-22,420100,412700,48,201,12.0,-95.45366694737412,29.713500100427122,-95.41573998979658,29.6934152796982,4.292722079486201
2021-02-15,2021-02-22,420100,412800,48,201,17.0,-95.45318446348145,29.697907984995854,-95.41573998979658,29.6934152796982,3.6579097408597856
2021-02-15,2021-02-22,420100,413000,48,201,4.0,-95.44237709135875,29.697288565894027,-95.41573998979658,29.6934152796982,2.613436772918233
2021-02-15,2021-02-22,420100,413100,48,201,4.0,-95.43233941689532,29.6985560768718,-95.41573998979658,29.6934152796982,1.7045490881366554
2021-02-15,2021-02-22,420100,420100,48,201,8.0,-95.43573998979657,29.6734152796982,-95.41573998979658,29.6934152796982,2.9431679640453434
2021-02-15,2021-02-22,420100,420200,48,201,12.0,-95.44344096615808,29.66799220128679,-95.41573998979658,29.6934152796982,3.8898325021104245
2021-02-15,2021-02-22,420100,420600,48,201,4.0,-95.47012968960428,29.661102725963847,-95.41573998979658,29.6934152796982,6.367621601941278
2021-02-15,2021-02-22,420100,420800,48,201,4.0,-95.46846149455628,29.68437564217622,-95.41573998979658,29.6934152796982,5.2001463517289315
2021-02-15,2021-02-22,420100,420900,48,201,8.0,-95.47016081643858,29.697172534803208,-95.41573998979658,29.6934152796982,5.2832712945072275
2021-02-15,2021-02-22,420100,421000,48,201,8.0,-95.46542970833373,29.71324219070894,-95.41573998979658,29.6934152796982,5.287014973630566
2021-02-15,2021-02-22,420100,421900,48,201,8.0,-95.4848536325214,29.67150741981472,-95.41573998979658,29.6934152796982,7.116782856125376
2021-02-15,2021-02-22,420100,431302,48,201,4.0,-95.49050714466976,29.743638520798562,-95.41573998979658,29.6934152796982,9.128400161755055
2021-02-15,2021-02-22,420100,431600,48,201,4.0,-95.48379811198632,29.76452700443964,-95.41573998979658,29.6934152796982,10.270834739661051
2021-02-15,2021-02-22,420200,420200,48,201,4.0,-95.44344096615808,29.66799220128679,-95.42344096615808,29.68799220128679,2.943234937860114
2021-02-15,2021-02-22,420200,420400,48,201,4.0,-95.45590022877754,29.65751475660254,-95.42344096615808,29.68799220128679,4.613664903875297
2021-02-15,2021-02-22,420300,412800,48,201,4.0,-95.45318446348145,29.697907984995854,-95.43418911535964,29.691552349727576,1.9687422779612216
2021-02-15,2021-02-22,420400,330301,48,201,4.0,-95.47216803282949,29.636131787496918,-95.43590022877754,29.67751475660254,5.776804200750763
2021-02-15,2021-02-22,420400,330700,48,201,4.0,-95.44215531054026,29.5982132620157,-95.43590022877754,29.67751475660254,8.811126145686272
2021-02-15,2021-02-22,420400,420200,48,201,4.0,-95.44344096615808,29.66799220128679,-95.43590022877754,29.67751475660254,1.28335851421743
2021-02-15,2021-02-22,420400,540602,48,201,4.0,-95.63441756953488,29.872727675128054,-95.43590022877754,29.67751475660254,28.927208510603876
2021-02-15,2021-02-22,420700,342400,48,201,4.0,-95.14845873800128,29.694771557507693,-95.44947985769562,29.692021061378934,29.134861563901683
2021-02-15,2021-02-22,420700,422000,48,201,4.0,-95.48465745890083,29.662001360316577,-95.44947985769562,29.692021061378934,4.761044275381376
2021-02-15,2021-02-22,420800,331900,48,201,4.0,-95.34669466047369,29.662673364617063,-95.44846149455628,29.70437564217622,10.880848281673073
2021-02-15,2021-02-22,420800,412700,48,201,4.0,-95.45366694737412,29.713500100427122,-95.44846149455628,29.70437564217622,1.1299141470309348
2021-02-15,2021-02-22,420800,412800,48,201,4.0,-95.45318446348145,29.697907984995854,-95.44846149455628,29.70437564217622,0.8502255356169638
2021-02-15,2021-02-22,420800,420800,48,201,4.0,-95.46846149455628,29.68437564217622,-95.44846149455628,29.70437564217622,2.943032578206978
2021-02-15,2021-02-22,420800,421700,48,201,4.0,-95.48833152026526,29.686535657749126,-95.44846149455628,29.70437564217622,4.335824424530476
2021-02-15,2021-02-22,420900,420400,48,201,4.0,-95.45590022877754,29.65751475660254,-95.45016081643858,29.717172534803208,6.636187951674962
2021-02-15,2021-02-22,420900,420900,48,201,7.0,-95.47016081643858,29.697172534803208,-95.45016081643858,29.717172534803208,2.9428744599322036
2021-02-15,2021-02-22,420900,421900,48,201,4.0,-95.4848536325214,29.67150741981472,-95.45016081643858,29.717172534803208,6.074190843690909
2021-02-15,2021-02-22,421101,412700,48,201,4.0,-95.45366694737412,29.713500100427122,-95.4500801918162,29.74227792547386,3.2087796050704
2021-02-15,2021-02-22,421700,412300,48,201,4.0,-95.42417743958704,29.715754614491026,-95.46833152026527,29.706535657749125,4.393055134074862
2021-02-15,2021-02-22,421700,413100,48,201,4.0,-95.43233941689532,29.6985560768718,-95.46833152026527,29.706535657749125,3.593610135683116
2021-02-15,2021-02-22,421700,421700,48,201,16.0,-95.48833152026526,29.686535657749126,-95.46833152026527,29.706535657749125,2.9430058926303455
2021-02-15,2021-02-22,421700,422100,48,201,4.0,-95.48707902071548,29.64826569018196,-95.46833152026527,29.706535657749125,6.709134733301842
2021-02-15,2021-02-22,421700,455000,48,201,4.0,-95.75812787949255,29.75433093393356,-95.46833152026527,29.706535657749125,28.532808920368407
2021-02-15,2021-02-22,422000,411700,48,201,4.0,-95.4543516661619,29.725488217220082,-95.46465745890083,29.682001360316576,4.922494750021059
2021-02-15,2021-02-22,422000,420600,48,201,4.0,-95.47012968960428,29.661102725963847,-95.46465745890083,29.682001360316576,2.376343781016212
2021-02-15,2021-02-22,422000,422000,48,201,4.0,-95.48465745890083,29.662001360316577,-95.46465745890083,29.682001360316576,2.943308912832287
2021-02-15,2021-02-22,422200,422200,48,201,4.0,-95.5013309379984,29.638727518511253,-95.48133093799841,29.658727518511252,2.9435961930061616
2021-02-15,2021-02-22,422701,422701,48,201,8.0,-95.4999726925577,29.697375335487468,-95.47997269255771,29.717375335487468,2.9428719537220194
2021-02-15,2021-02-22,422701,422702,48,201,4.0,-95.50936775149235,29.69898906199419,-95.47997269255771,29.717375335487468,3.4992592404415346
2021-02-15,2021-02-22,422800,350500,48,201,4.0,-95.19580448633182,29.582205762681717,-95.4977889267607,29.710028620227707,32.492143816025305
2021-02-15,2021-02-22,422800,422800,48,201,4.0,-95.5177889267607,29.690028620227707,-95.4977889267607,29.710028620227707,2.9429627363158146
2021-02-15,2021-02-22,422900,422900,48,201,4.0,-95.53015498189077,29.682429426406646,-95.51015498189078,29.702429426406646,2.9430566211884956
2021-02-15,2021-02-22,423401,422200,48,201,4.0,-95.5013309379984,29.638727518511253,-95.49716265938842,29.6700039759059,3.490300061982986
2021-02-15,2021-02-22,423401,423401,48,201,4.0,-95.51716265938842,29.6500039759059,-95.49716265938842,29.6700039759059,2.9434570232504447
2021-02-15,2021-02-22,423401,423402,48,201,4.0,-95.52965170336834,29.648554156530857,-95.49716265938842,29.6700039759059,3.942933302468784
2021-02-15,2021-02-22,423402,342400,48,201,4.0,-95.14845873800128,29.694771557507693,-95.50965170336835,29.668554156530856,35.08141966288891
2021-02-15,2021-02-22,423402,423600,48,201,5.0,-95.51949594261283,29.6367521221865,-95.50965170336835,29.668554156530856,3.6517272832843326
2021-02-15,2021-02-22,430300,410900,48,201,4.0,-95.39934176258292,29.73295056084241,-95.47869036025578,29.791517074417563,10.051867395577707
2021-02-15,2021-02-22,430300,430300,48,201,4.0,-95.49869036025578,29.771517074417563,-95.47869036025578,29.791517074417563,2.9419548583969277
2021-02-15,2021-02-22,430400,251800,48,201,4.0,-95.03293560686828,29.962651190812867,-95.49552952130554,29.778597627769006,49.1284395880572
2021-02-15,2021-02-22,430400,411400,48,201,4.0,-95.4330814129843,29.744644712997662,-95.49552952130554,29.778597627769006,7.116408939568798
2021-02-15,2021-02-22,430400,412400,48,201,4.0,-95.43526608097552,29.71619483911041,-95.49552952130554,29.778597627769006,9.045909641291253
2021-02-15,2021-02-22,430400,420900,48,201,4.0,-95.47016081643858,29.697172534803208,-95.49552952130554,29.778597627769006,9.353505906581844
2021-02-15,2021-02-22,430400,430300,48,201,4.0,-95.49869036025578,29.771517074417563,-95.49552952130554,29.778597627769006,0.8422888960717021
2021-02-15,2021-02-22,430400,430400,48,201,8.0,-95.51552952130554,29.758597627769007,-95.49552952130554,29.778597627769006,2.9421147874577804
2021-02-15,2021-02-22,430400,430500,48,201,4.0,-95.51916760358736,29.779845376331664,-95.49552952130554,29.778597627769006,2.2899629214281148
2021-02-15,2021-02-22,430400,430600,48,201,4.0,-95.53175783589279,29.76475425996509,-95.49552952130554,29.778597627769006,3.824829871429226
2021-02-15,2021-02-22,430400,430900,48,201,4.0,-95.54282431458263,29.758329821985313,-95.49552952130554,29.778597627769006,5.095842593466549
2021-02-15,2021-02-22,430400,431302,48,201,4.0,-95.49050714466976,29.743638520798562,-95.49552952130554,29.778597627769006,3.9054872267600778
2021-02-15,2021-02-22,430400,450100,48,201,4.0,-95.56692862417046,29.77724282672689,-95.49552952130554,29.778597627769006,6.905953949759751
2021-02-15,2021-02-22,430400,520200,48,201,4.0,-95.47656099824887,29.78935798309264,-95.49552952130554,29.778597627769006,2.1878811927920125
2021-02-15,2021-02-22,430400,521000,48,201,4.0,-95.5176360067933,29.79436222537203,-95.49552952130554,29.778597627769006,2.7609275684763417
2021-02-15,2021-02-22,430400,554301,48,201,4.0,-95.593845932944,29.989029803491977,-95.49552952130554,29.778597627769006,25.185768407086524
2021-02-15,2021-02-22,430500,430300,48,201,12.0,-95.49869036025578,29.771517074417563,-95.49916760358737,29.799845376331664,3.1404984135746643
2021-02-15,2021-02-22,430500,430400,48,201,8.0,-95.51552952130554,29.758597627769007,-95.49916760358737,29.799845376331664,4.838271428904885
2021-02-15,2021-02-22,430500,430500,48,201,19.0,-95.51916760358736,29.779845376331664,-95.49916760358737,29.799845376331664,2.941851735548069
2021-02-15,2021-02-22,430500,430600,48,201,18.0,-95.53175783589279,29.76475425996509,-95.49916760358737,29.799845376331664,5.006157670486828
2021-02-15,2021-02-22,430500,430700,48,201,12.0,-95.538815313958,29.77708135169639,-95.49916760358737,29.799845376331664,4.589494962168309
2021-02-15,2021-02-22,430500,430800,48,201,13.0,-95.55294345792122,29.776070206893085,-95.49916760358737,29.799845376331664,5.829384496231657
2021-02-15,2021-02-22,430500,430900,48,201,7.0,-95.54282431458263,29.758329821985313,-95.49916760358737,29.799845376331664,6.244964242861608
2021-02-15,2021-02-22,430500,450700,48,201,4.0,-95.5833801313927,29.76684937773238,-95.49916760358737,29.799845376331664,8.926664620482457
2021-02-15,2021-02-22,430500,520100,48,201,5.0,-95.46043578508849,29.79227589579363,-95.49916760358737,29.799845376331664,3.837559762078569
2021-02-15,2021-02-22,430500,520700,48,201,4.0,-95.49673363322749,29.79931890704631,-95.49916760358737,29.799845376331664,0.24244375515168362
2021-02-15,2021-02-22,430500,522500,48,201,20.0,-95.50118604712421,29.789954061941764,-95.49916760358737,29.799845376331664,1.1136739342102273
2021-02-15,2021-02-22,430500,550700,48,201,8.0,-95.49712106642305,29.9424548639721,-95.49916760358737,29.799845376331664,15.80953719105962
2021-02-15,2021-02-22,430700,430400,48,201,4.0,-95.51552952130554,29.758597627769007,-95.518815313958,29.797081351696388,4.277687799922217
2021-02-15,2021-02-22,430700,430900,48,201,4.0,-95.54282431458263,29.758329821985313,-95.518815313958,29.797081351696388,4.882829913332406
2021-02-15,2021-02-22,430800,412800,48,201,4.0,-95.45318446348145,29.697907984995854,-95.53294345792122,29.796070206893084,13.338706727238083
2021-02-15,2021-02-22,430800,420900,48,201,4.0,-95.47016081643858,29.697172534803208,-95.53294345792122,29.796070206893084,12.532374952937728
2021-02-15,2021-02-22,430800,430300,48,201,8.0,-95.49869036025578,29.771517074417563,-95.53294345792122,29.796070206893084,4.286903468080282
2021-02-15,2021-02-22,430800,430400,48,201,4.0,-95.51552952130554,29.758597627769007,-95.53294345792122,29.796070206893084,4.48214360737957
2021-02-15,2021-02-22,430800,430700,48,201,12.0,-95.538815313958,29.77708135169639,-95.53294345792122,29.796070206893084,2.1801209612757892
2021-02-15,2021-02-22,430800,430800,48,201,14.0,-95.55294345792122,29.776070206893085,-95.53294345792122,29.796070206893084,2.941898483168549
2021-02-15,2021-02-22,430800,430900,48,201,4.0,-95.54282431458263,29.758329821985313,-95.53294345792122,29.796070206893084,4.291200528546119
2021-02-15,2021-02-22,430800,450700,48,201,4.0,-95.5833801313927,29.76684937773238,-95.53294345792122,29.796070206893084,5.8547054420813
2021-02-15,2021-02-22,430800,542600,48,201,4.0,-95.78919717019268,29.79379054422444,-95.53294345792122,29.796070206893084,24.776927743552978
2021-02-15,2021-02-22,431302,431302,48,201,4.0,-95.49050714466976,29.743638520798562,-95.47050714466977,29.763638520798562,2.942299900997
2021-02-15,2021-02-22,431302,431600,48,201,4.0,-95.48379811198632,29.76452700443964,-95.47050714466977,29.763638520798562,1.289185825671403
2021-02-15,2021-02-22,431801,340600,48,201,4.0,-95.13125242777934,29.57586315326563,-95.45227536345739,29.764460749464913,37.45354053865535
2021-02-15,2021-02-22,431801,430400,48,201,4.0,-95.51552952130554,29.758597627769007,-95.45227536345739,29.764460749464913,6.152122868067533
2021-02-15,2021-02-22,431801,431600,48,201,4.0,-95.48379811198632,29.76452700443964,-95.45227536345739,29.764460749464913,3.0486774356686532
2021-02-15,2021-02-22,431801,431801,48,201,4.0,-95.47227536345738,29.744460749464913,-95.45227536345739,29.764460749464913,2.9422897280086997
2021-02-15,2021-02-22,432600,430600,48,201,4.0,-95.53175783589279,29.76475425996509,-95.49064106350104,29.745934851020078,4.49082865924156
2021-02-15,2021-02-22,432600,432600,48,201,4.0,-95.51064106350104,29.725934851020078,-95.49064106350104,29.745934851020078,2.9425188882272346
2021-02-15,2021-02-22,433202,520400,48,201,4.0,-95.4772725266992,29.808373011883,-95.52124817344419,29.716804337299106,11.00529072015583
2021-02-15,2021-02-22,433300,410300,48,201,4.0,-95.40371068817358,29.756739459605143,-95.50962215344248,29.718438160326922,11.090597123759945
2021-02-15,2021-02-22,433300,423402,48,201,4.0,-95.52965170336834,29.648554156530857,-95.50962215344248,29.718438160326922,7.985350717846843
2021-02-15,2021-02-22,433300,433300,48,201,8.0,-95.52962215344247,29.698438160326923,-95.50962215344248,29.718438160326922,2.94285881912376
2021-02-15,2021-02-22,450100,450100,48,201,5.0,-95.56692862417046,29.77724282672689,-95.54692862417046,29.79724282672689,2.9418839631818305
2021-02-15,2021-02-22,450100,450200,48,201,15.0,-95.57957642720747,29.77925958978479,-95.54692862417046,29.79724282672689,3.7334543151543733
2021-02-15,2021-02-22,450100,450500,48,201,4.0,-95.63477983364815,29.778363988443687,-95.54692862417046,29.79724282672689,8.748394714193887
2021-02-15,2021-02-22,450100,450600,48,201,9.0,-95.61500800640096,29.7692488716959,-95.54692862417046,29.79724282672689,7.2776706955409045
2021-02-15,2021-02-22,450100,450700,48,201,8.0,-95.5833801313927,29.76684937773238,-95.54692862417046,29.79724282672689,4.875900040602767
2021-02-15,2021-02-22,450200,313300,48,201,4.0,-95.33594572654837,29.704477519973754,-95.55957642720747,29.79925958978479,24.04734797250987
2021-02-15,2021-02-22,450200,430700,48,201,8.0,-95.538815313958,29.77708135169639,-95.55957642720747,29.79925958978479,3.173887150986573
2021-02-15,2021-02-22,450200,430900,48,201,4.0,-95.54282431458263,29.758329821985313,-95.55957642720747,29.79925958978479,4.817533445560932
2021-02-15,2021-02-22,450200,450100,48,201,4.0,-95.56692862417046,29.77724282672689,-95.55957642720747,29.79925958978479,2.5419608214715934
2021-02-15,2021-02-22,450200,450200,48,201,22.0,-95.57957642720747,29.77925958978479,-95.55957642720747,29.79925958978479,2.941858989584752
2021-02-15,2021-02-22,450200,450700,48,201,17.0,-95.5833801313927,29.76684937773238,-95.55957642720747,29.79925958978479,4.266717709868182
2021-02-15,2021-02-22,451100,451100,48,201,4.0,-95.58083146328988,29.7563834015933,-95.56083146328989,29.7763834015933,2.942142192062269
2021-02-15,2021-02-22,451401,451401,48,201,4.0,-95.61236674849931,29.75036720409111,-95.59236674849932,29.77036720409111,2.9422166445222224
2021-02-15,2021-02-22,451902,452802,48,201,4.0,-95.60019977254561,29.696286251008644,-95.57870449273501,29.742516321871097,5.530469189326393
2021-02-15,2021-02-22,451902,453502,48,201,4.0,-95.59823982742465,29.6711526346256,-95.57870449273501,29.742516321871097,8.133231305563
2021-02-15,2021-02-22,451902,454700,48,201,4.0,-95.72601303477883,29.766324680738318,-95.57870449273501,29.742516321871097,14.490471805696242
2021-02-15,2021-02-22,453300,251300,48,201,8.0,-95.19979906828152,30.05609818681653,-95.54513366660218,29.684198598009157,53.03412505880813
2021-02-15,2021-02-22,453403,453403,48,201,6.0,-95.58513136428839,29.669761244697217,-95.56513136428839,29.689761244697216,2.9432130915669856
2021-02-15,2021-02-22,453403,453501,48,201,4.0,-95.58996604644832,29.6640333889094,-95.56513136428839,29.689761244697216,3.729874447678791
2021-02-15,2021-02-22,453502,452202,48,201,4.0,-95.56473211981009,29.722714801337148,-95.57823982742465,29.6911526346256,3.7347934159453593
2021-02-15,2021-02-22,453502,452802,48,201,4.0,-95.60019977254561,29.696286251008644,-95.57823982742465,29.6911526346256,2.2001717530775013
2021-02-15,2021-02-22,453502,453502,48,201,5.0,-95.59823982742465,29.6711526346256,-95.57823982742465,29.6911526346256,2.943195908317389
2021-02-15,2021-02-22,454502,454502,48,201,6.0,-95.7158116973307,29.74161731118521,-95.6958116973307,29.76161731118521,2.94232490743717
2021-02-15,2021-02-22,454502,454700,48,201,4.0,-95.72601303477883,29.766324680738318,-95.6958116973307,29.76161731118521,2.9671288700380107
2021-02-15,2021-02-22,454600,454502,48,201,4.0,-95.7158116973307,29.74161731118521,-95.71569848913077,29.80046816520515,6.523543548020978
2021-02-15,2021-02-22,454600,454600,48,201,36.0,-95.73569848913077,29.78046816520515,-95.71569848913077,29.80046816520515,2.9418440231813423
2021-02-15,2021-02-22,454600,454700,48,201,4.0,-95.72601303477883,29.766324680738318,-95.71569848913077,29.80046816520515,3.9139724275698473
2021-02-15,2021-02-22,454600,455200,48,201,4.0,-95.76504178887602,29.779970308922806,-95.71569848913077,29.80046816520515,5.28436708365579
2021-02-15,2021-02-22,454600,542302,48,201,4.0,-95.74160632082912,29.810744453535996,-95.71569848913077,29.80046816520515,2.7514815320756623
2021-02-15,2021-02-22,454600,542500,48,201,4.0,-95.76429130457352,29.79361238714188,-95.71569848913077,29.80046816520515,4.759119442830152
2021-02-15,2021-02-22,454600,551800,48,201,4.0,-95.5637828633766,29.88669853795774,-95.71569848913077,29.80046816520515,17.51828289493414
2021-02-15,2021-02-22,454700,454600,48,201,8.0,-95.73569848913077,29.78046816520515,-95.70601303477883,29.786324680738318,2.942934465524384
2021-02-15,2021-02-22,454700,454700,48,201,9.0,-95.72601303477883,29.766324680738318,-95.70601303477883,29.786324680738318,2.9420191409186778
2021-02-15,2021-02-22,454700,455102,48,201,4.0,-95.77123945246774,29.7662532913934,-95.70601303477883,29.786324680738318,6.688419550793414
2021-02-15,2021-02-22,455102,455102,48,201,8.0,-95.77123945246774,29.7662532913934,-95.75123945246774,29.7862532913934,2.9420200246717734
2021-02-15,2021-02-22,455200,455200,48,201,16.0,-95.76504178887602,29.779970308922806,-95.74504178887602,29.799970308922806,2.941850188442004
2021-02-15,2021-02-22,455200,542500,48,201,6.0,-95.76429130457352,29.79361238714188,-95.74504178887602,29.799970308922806,1.9900610355409853
2021-02-15,2021-02-22,510400,511301,48,201,4.0,-95.40544948793735,29.797261431141322,-95.37259841583638,29.803750833721185,3.2564430303695278
2021-02-15,2021-02-22,511100,332200,48,201,4.0,-95.32992461050551,29.68056910987263,-95.40665403644324,29.828427453606302,17.991820422429452
2021-02-15,2021-02-22,511100,453501,48,201,4.0,-95.58996604644832,29.6640333889094,-95.40665403644324,29.828427453606302,25.426174389415674
2021-02-15,2021-02-22,511100,511100,48,201,6.0,-95.42665403644324,29.808427453606303,-95.40665403644324,29.828427453606302,2.9414976634055443
2021-02-15,2021-02-22,511301,530300,48,201,4.0,-95.38878982303882,29.817525961047057,-95.38544948793735,29.817261431141322,0.3242136909511231
2021-02-15,2021-02-22,511302,212300,48,201,4.0,-95.35496487225383,29.77520173301338,-95.37352378671659,29.81739959454746,5.009936996965254
2021-02-15,2021-02-22,511302,221200,48,201,4.0,-95.37403478726925,29.86459525749974,-95.37352378671659,29.81739959454746,5.231861315729867
2021-02-15,2021-02-22,511302,511302,48,201,8.0,-95.39352378671659,29.79739959454746,-95.37352378671659,29.81739959454746,2.941634305341341
2021-02-15,2021-02-22,520100,520200,48,201,4.0,-95.47656099824887,29.78935798309264,-95.4404357850885,29.81227589579363,4.318741583069053
2021-02-15,2021-02-22,520601,520700,48,201,4.0,-95.49673363322749,29.79931890704631,-95.47267635213264,29.83679611948948,4.760882404357362
2021-02-15,2021-02-22,520700,520700,48,201,16.0,-95.49673363322749,29.79931890704631,-95.4767336332275,29.81931890704631,2.9416105265752646
2021-02-15,2021-02-22,520700,522201,48,201,4.0,-95.53329682402881,29.805881047493703,-95.4767336332275,29.81931890704631,5.6670663061267454
2021-02-15,2021-02-22,520700,522500,48,201,12.0,-95.50118604712421,29.789954061941764,-95.4767336332275,29.81931890704631,4.0228888080256375
2021-02-15,2021-02-22,520700,550700,48,201,4.0,-95.49712106642305,29.9424548639721,-95.4767336332275,29.81931890704631,13.791024628565662
2021-02-15,2021-02-22,520700,551702,48,201,4.0,-95.56162415021008,29.901529973583926,-95.4767336332275,29.81931890704631,12.260703936401077
2021-02-15,2021-02-22,520700,551800,48,201,9.0,-95.5637828633766,29.88669853795774,-95.4767336332275,29.81931890704631,11.248917842899548
2021-02-15,2021-02-22,521100,450200,48,201,4.0,-95.57957642720747,29.77925958978479,-95.49970065294016,29.82176687753344,9.046303405810683
2021-02-15,2021-02-22,521100,521300,48,201,4.0,-95.51393937260731,29.815964973680718,-95.49970065294016,29.82176687753344,1.519180014473677
2021-02-15,2021-02-22,521300,520400,48,201,4.0,-95.4772725266992,29.808373011883,-95.49393937260731,29.835964973680717,3.4568789920152057
2021-02-15,2021-02-22,521300,520601,48,201,4.0,-95.49267635213263,29.81679611948948,-95.49393937260731,29.835964973680717,2.128362128828319
2021-02-15,2021-02-22,521300,521300,48,201,12.0,-95.51393937260731,29.815964973680718,-95.49393937260731,29.835964973680717,2.941404247352654
2021-02-15,2021-02-22,521300,521900,48,201,4.0,-95.554418042823,29.822387386780754,-95.49393937260731,29.835964973680717,6.035985183079128
2021-02-15,2021-02-22,521300,552200,48,201,4.0,-95.64758371892341,29.946007165908615,-95.49393937260731,29.835964973680717,19.210538013123085
2021-02-15,2021-02-22,521900,311100,48,201,4.0,-95.285183696909,29.733195817802272,-95.534418042823,29.842387386780754,26.96752735050706
2021-02-15,2021-02-22,521900,430600,48,201,4.0,-95.53175783589279,29.76475425996509,-95.534418042823,29.842387386780754,8.609407265925197
2021-02-15,2021-02-22,521900,450700,48,201,4.0,-95.5833801313927,29.76684937773238,-95.534418042823,29.842387386780754,9.61860695380685
2021-02-15,2021-02-22,521900,454600,48,201,4.0,-95.73569848913077,29.78046816520515,-95.534418042823,29.842387386780754,20.63252684835155
2021-02-15,2021-02-22,521900,521800,48,201,4.0,-95.55479036867787,29.850243637443846,-95.534418042823,29.842387386780754,2.152689589265443
2021-02-15,2021-02-22,521900,521900,48,201,15.0,-95.554418042823,29.822387386780754,-95.534418042823,29.842387386780754,2.941324637541588
2021-02-15,2021-02-22,521900,522500,48,201,4.0,-95.50118604712421,29.789954061941764,-95.534418042823,29.842387386780754,6.640835635509712
2021-02-15,2021-02-22,521900,540601,48,201,4.0,-95.6324334733092,29.86219700891456,-95.534418042823,29.842387386780754,9.722346884129035
2021-02-15,2021-02-22,521900,554501,48,201,4.0,-95.66331184573829,30.011614389737982,-95.534418042823,29.842387386780754,22.51206103253792
2021-02-15,2021-02-22,521900,555303,48,201,4.0,-95.5706267208028,30.134040973404183,-95.534418042823,29.842387386780754,32.51871259117555
2021-02-15,2021-02-22,522201,450700,48,201,4.0,-95.5833801313927,29.76684937773238,-95.51329682402881,29.825881047493702,9.419699669097986
2021-02-15,2021-02-22,522201,520700,48,201,4.0,-95.49673363322749,29.79931890704631,-95.51329682402881,29.825881047493702,3.3515708132706403
2021-02-15,2021-02-22,522201,522201,48,201,4.0,-95.53329682402881,29.805881047493703,-95.51329682402881,29.825881047493702,2.941529218265709
2021-02-15,2021-02-22,522201,522202,48,201,4.0,-95.53788921745723,29.80045304706696,-95.51329682402881,29.825881047493702,3.6873164772610805
2021-02-15,2021-02-22,522202,522500,48,201,4.0,-95.50118604712421,29.789954061941764,-95.51788921745724,29.82045304706696,3.746623425486102
2021-02-15,2021-02-22,522302,250500,48,201,4.0,-95.1961732193427,29.99311732149243,-95.51806528223266,29.809496532501885,37.159393599117784
2021-02-15,2021-02-22,522401,430800,48,201,4.0,-95.55294345792122,29.776070206893085,-95.5293255212315,29.818579250806252,5.236198964374468
2021-02-15,2021-02-22,522401,450801,48,201,4.0,-95.56872219890887,29.760183242217458,-95.5293255212315,29.818579250806252,7.510776456167235
2021-02-15,2021-02-22,522401,521900,48,201,8.0,-95.554418042823,29.822387386780754,-95.5293255212315,29.818579250806252,2.4618900830858585
2021-02-15,2021-02-22,522401,522202,48,201,4.0,-95.53788921745723,29.80045304706696,-95.5293255212315,29.818579250806252,2.1731381813251827
2021-02-15,2021-02-22,522402,534001,48,201,4.0,-95.48427237675126,29.906724302977743,-95.53870711546334,29.818694311730436,11.08524729333865
2021-02-15,2021-02-22,522402,550800,48,201,4.0,-95.47593936805826,29.95059032335285,-95.53870711546334,29.818694311730436,15.82809511322329
2021-02-15,2021-02-22,522500,430400,48,201,4.0,-95.51552952130554,29.758597627769007,-95.48118604712421,29.809954061941763,6.590584035740877
2021-02-15,2021-02-22,522500,430900,48,201,4.0,-95.54282431458263,29.758329821985313,-95.48118604712421,29.809954061941763,8.262526344246524
2021-02-15,2021-02-22,522500,522500,48,201,16.0,-95.50118604712421,29.789954061941764,-95.48118604712421,29.809954061941763,2.941726538862331
2021-02-15,2021-02-22,530200,241400,48,201,4.0,-95.40075900982526,30.08411160862879,-95.4042815915388,29.835809264090734,27.5268541580011
2021-02-15,2021-02-22,530200,350400,48,201,4.0,-95.21005630373222,29.595817334003332,-95.4042815915388,29.835809264090734,32.57115605866645
2021-02-15,2021-02-22,530200,412600,48,201,4.0,-95.44450787998713,29.714830494459353,-95.4042815915388,29.835809264090734,13.963135822623489
2021-02-15,2021-02-22,530200,530200,48,201,4.0,-95.4242815915388,29.815809264090735,-95.4042815915388,29.835809264090734,2.9414061773119533
2021-02-15,2021-02-22,530200,531500,48,201,4.0,-95.47641407138,29.83690814217945,-95.4042815915388,29.835809264090734,6.972248982823089
2021-02-15,2021-02-22,530200,532700,48,201,4.0,-95.48068345806662,29.876391508286346,-95.4042815915388,29.835809264090734,8.644991824025512
2021-02-15,2021-02-22,530200,555303,48,201,4.0,-95.5706267208028,30.134040973404183,-95.4042815915388,29.835809264090734,36.750776126553006
2021-02-15,2021-02-22,530300,530400,48,201,4.0,-95.3879777040064,29.82612305451284,-95.36878982303882,29.837525961047056,2.244284987562248
2021-02-15,2021-02-22,530300,532502,48,201,4.0,-95.5002741331924,29.886023571172128,-95.36878982303882,29.837525961047056,13.794636247338573
2021-02-15,2021-02-22,530400,220500,48,201,4.0,-95.38146449708586,29.836206212409543,-95.3679777040064,29.84612305451284,1.70503878609735
2021-02-15,2021-02-22,530400,530400,48,201,4.0,-95.3879777040064,29.82612305451284,-95.3679777040064,29.84612305451284,2.941278325769727
2021-02-15,2021-02-22,530400,556000,48,201,4.0,-95.85847486357737,30.073793956113636,-95.3679777040064,29.84612305451284,53.65169631978293
2021-02-15,2021-02-22,530600,332000,48,201,4.0,-95.34681370883808,29.672440208659125,-95.38520525231075,29.851331035814155,20.17440450398281
2021-02-15,2021-02-22,530600,530300,48,201,4.0,-95.38878982303882,29.817525961047057,-95.38520525231075,29.851331035814155,3.763260732185515
2021-02-15,2021-02-22,530800,531000,48,201,4.0,-95.41998856266237,29.825175097498935,-95.40022659961586,29.873449702916513,5.6817617943164525
2021-02-15,2021-02-22,530800,532700,48,201,4.0,-95.48068345806662,29.876391508286346,-95.40022659961586,29.873449702916513,7.779537135764701
2021-02-15,2021-02-22,530900,530900,48,201,4.0,-95.42014723249923,29.835965257972806,-95.40014723249924,29.855965257972805,2.9411562895642933
2021-02-15,2021-02-22,531100,531100,48,201,4.0,-95.43774397936241,29.82487506374947,-95.41774397936241,29.84487506374947,2.9412937978228078
2021-02-15,2021-02-22,531100,531200,48,201,4.0,-95.45194904964266,29.826857077700627,-95.41774397936241,29.84487506374947,3.8622609096339473
2021-02-15,2021-02-22,531100,531700,48,201,5.0,-95.43576197076132,29.835778741461592,-95.41774397936241,29.84487506374947,2.012144237974778
2021-02-15,2021-02-22,531100,534001,48,201,4.0,-95.48427237675126,29.906724302977743,-95.41774397936241,29.84487506374947,9.397441602338787
2021-02-15,2021-02-22,531300,221200,48,201,4.0,-95.37403478726925,29.86459525749974,-95.44393677236894,29.843077430618436,7.163235066492135
2021-02-15,2021-02-22,531300,532400,48,201,5.0,-95.50321911421209,29.871452315155157,-95.44393677236894,29.843077430618436,6.534860680515194
2021-02-15,2021-02-22,531400,530200,48,201,4.0,-95.4242815915388,29.815809264090735,-95.45099519178761,29.850203007917788,4.604466040181136
2021-02-15,2021-02-22,531400,530900,48,201,4.0,-95.42014723249923,29.835965257972806,-95.45099519178761,29.850203007917788,3.373083780610262
2021-02-15,2021-02-22,531400,531100,48,201,4.0,-95.43774397936241,29.82487506374947,-95.45099519178761,29.850203007917788,3.0858748653076544
2021-02-15,2021-02-22,531400,531200,48,201,5.0,-95.45194904964266,29.826857077700627,-95.45099519178761,29.850203007917788,2.589531255639707
2021-02-15,2021-02-22,531400,531300,48,201,10.0,-95.46393677236894,29.823077430618437,-95.45099519178761,29.850203007917788,3.256613550006036
2021-02-15,2021-02-22,531400,531400,48,201,4.0,-95.47099519178761,29.83020300791779,-95.45099519178761,29.850203007917788,2.9412277409155574
2021-02-15,2021-02-22,531400,531600,48,201,4.0,-95.45424071037715,29.83779061082815,-95.45099519178761,29.850203007917788,1.4112057418831185
2021-02-15,2021-02-22,531400,532400,48,201,4.0,-95.50321911421209,29.871452315155157,-95.45099519178761,29.850203007917788,5.568618374739384
2021-02-15,2021-02-22,531700,522500,48,201,4.0,-95.50118604712421,29.789954061941764,-95.41576197076132,29.85577874146159,11.018909359673815
2021-02-15,2021-02-22,531700,552301,48,201,4.0,-95.61855576944987,29.956159573557745,-95.41576197076132,29.85577874146159,22.52550007683162
2021-02-15,2021-02-22,532400,531400,48,201,4.0,-95.47099519178761,29.83020300791779,-95.48321911421209,29.891452315155156,6.891455329407909
2021-02-15,2021-02-22,532400,532400,48,201,8.0,-95.50321911421209,29.871452315155157,-95.48321911421209,29.891452315155156,2.9407160282493074
2021-02-15,2021-02-22,532800,532600,48,201,4.0,-95.4862871801994,29.891851373547375,-95.45147046736113,29.89275272926765,3.364440457646133
2021-02-15,2021-02-22,533000,532600,48,201,4.0,-95.4862871801994,29.891851373547375,-95.44173351393177,29.909324358683705,4.718918296328648
2021-02-15,2021-02-22,533000,532900,48,201,4.0,-95.47318077777015,29.89259611482773,-95.44173351393177,29.909324358683705,3.558565177855624
2021-02-15,2021-02-22,533000,533000,48,201,8.0,-95.46173351393176,29.889324358683705,-95.44173351393177,29.909324358683705,2.9404941566096867
2021-02-15,2021-02-22,533000,550500,48,201,4.0,-95.44546399884509,29.952517037464364,-95.44173351393177,29.909324358683705,4.801492776572087
2021-02-15,2021-02-22,533100,532400,48,201,4.0,-95.50321911421209,29.871452315155157,-95.43570449307622,29.89619821251522,7.0752071830865715
2021-02-15,2021-02-22,533100,532900,48,201,4.0,-95.47318077777015,29.89259611482773,-95.43570449307622,29.89619821251522,3.6417260306314088
2021-02-15,2021-02-22,533100,533100,48,201,10.0,-95.45570449307621,29.87619821251522,-95.43570449307622,29.89619821251522,2.940657120101749
2021-02-15,2021-02-22,533100,550500,48,201,4.0,-95.44546399884509,29.952517037464364,-95.43570449307622,29.89619821251522,6.313731686327523
2021-02-15,2021-02-22,533200,531800,48,201,4.0,-95.4363437655148,29.85345967417741,-95.4295929514803,29.886879759310613,3.7615981683628616
2021-02-15,2021-02-22,533500,533500,48,201,4.0,-95.41849390703601,29.892789204495795,-95.39849390703601,29.912789204495795,2.940451131088268
2021-02-15,2021-02-22,533500,533701,48,201,4.0,-95.43095915471973,29.928606008981205,-95.39849390703601,29.912789204495795,3.591926569591263
2021-02-15,2021-02-22,533701,210600,48,201,4.0,-95.36535987660318,29.807040425161116,-95.41095915471973,29.948606008981205,16.299154269944562
2021-02-15,2021-02-22,533701,221900,48,201,4.0,-95.34910391986152,29.8818680148654,-95.41095915471973,29.948606008981205,9.508401310838718
2021-02-15,2021-02-22,533701,230400,48,201,4.0,-95.32520075126693,29.830587675967912,-95.41095915471973,29.948606008981205,15.48444626719736
2021-02-15,2021-02-22,533701,533701,48,201,4.0,-95.43095915471973,29.928606008981205,-95.41095915471973,29.948606008981205,2.940006151685395
2021-02-15,2021-02-22,533701,550500,48,201,4.0,-95.44546399884509,29.952517037464364,-95.41095915471973,29.948606008981205,3.358989205587441
2021-02-15,2021-02-22,533702,222402,48,201,4.0,-95.38845568912652,29.909137931012296,-95.41844149453091,29.938746426606304,4.3767440743030095
2021-02-15,2021-02-22,533702,533701,48,201,4.0,-95.43095915471973,29.928606008981205,-95.41844149453091,29.938746426606304,1.6505242147057588
2021-02-15,2021-02-22,533802,221900,48,201,4.0,-95.34910391986152,29.8818680148654,-95.44734608731262,29.947913251444305,11.983518759920436
2021-02-15,2021-02-22,533902,222402,48,201,4.0,-95.38845568912652,29.909137931012296,-95.48115768330682,29.950391360292237,10.051289243051226
2021-02-15,2021-02-22,533902,532600,48,201,4.0,-95.4862871801994,29.891851373547375,-95.48115768330682,29.950391360292237,6.5080988713885395
2021-02-15,2021-02-22,533902,533902,48,201,10.0,-95.50115768330681,29.930391360292237,-95.48115768330682,29.950391360292237,2.939983960606977
2021-02-15,2021-02-22,533902,534003,48,201,4.0,-95.5124370340759,29.930164016173286,-95.48115768330682,29.950391360292237,3.7612486359419286
2021-02-15,2021-02-22,533902,550601,48,201,4.0,-95.45855203285244,29.957263010936575,-95.48115768330682,29.950391360292237,2.3112748669349643
2021-02-15,2021-02-22,533902,551400,48,201,4.0,-95.52292067358427,29.962702642254918,-95.48115768330682,29.950391360292237,4.256047271543774
2021-02-15,2021-02-22,533902,555200,48,201,4.0,-95.47197536493347,30.095676991945627,-95.48115768330682,29.950391360292237,16.129662834473667
2021-02-15,2021-02-22,534002,534001,48,201,4.0,-95.48427237675126,29.906724302977743,-95.48266266990802,29.934595821786015,3.093496291360746
2021-02-15,2021-02-22,534002,534002,48,201,4.0,-95.50266266990802,29.914595821786016,-95.48266266990802,29.934595821786015,2.9401802577829224
2021-02-15,2021-02-22,534002,551000,48,201,4.0,-95.49177074695993,29.969731560195665,-95.48266266990802,29.934595821786015,3.992859405141078
2021-02-15,2021-02-22,534203,551703,48,201,8.0,-95.56261329173977,29.916016650977593,-95.51713961216247,29.892594580060248,5.10185066718611
2021-02-15,2021-02-22,540200,556000,48,201,4.0,-95.85847486357737,30.073793956113636,-95.54976838036457,29.84228819624348,39.32588872449209
2021-02-15,2021-02-22,540502,521900,48,201,4.0,-95.554418042823,29.822387386780754,-95.61088266671233,29.866971171985046,7.361933710913819
2021-02-15,2021-02-22,540502,540502,48,201,8.0,-95.63088266671232,29.846971171985047,-95.61088266671233,29.866971171985046,2.9410197888786027
2021-02-15,2021-02-22,540502,542700,48,201,4.0,-95.81435432388679,29.793177182211227,-95.61088266671233,29.866971171985046,21.2990122405053
2021-02-15,2021-02-22,540602,540601,48,201,4.0,-95.6324334733092,29.86219700891456,-95.61441756953488,29.892727675128054,3.8056259024083268
2021-02-15,2021-02-22,540602,540602,48,201,14.0,-95.63441756953488,29.872727675128054,-95.61441756953488,29.892727675128054,2.9407001986055143
2021-02-15,2021-02-22,540602,540700,48,201,4.0,-95.61510688240666,29.857143141703173,-95.61441756953488,29.892727675128054,3.945119609712422
2021-02-15,2021-02-22,540602,540800,48,201,11.0,-95.60383334042423,29.89161850547151,-95.61441756953488,29.892727675128054,1.0297020506795742
2021-02-15,2021-02-22,540602,540901,48,201,4.0,-95.62444375966,29.889716766793903,-95.61441756953488,29.892727675128054,1.0243429280484997
2021-02-15,2021-02-22,540602,541100,48,201,4.0,-95.65149483588165,29.901009124466253,-95.61441756953488,29.892727675128054,3.696931350714477
2021-02-15,2021-02-22,540602,541500,48,201,4.0,-95.67797600240868,29.85616499714013,-95.61441756953488,29.892727675128054,7.357241662694456
2021-02-15,2021-02-22,540602,554501,48,201,4.0,-95.66331184573829,30.011614389737982,-95.61441756953488,29.892727675128054,13.998490857898615
2021-02-15,2021-02-22,540602,556000,48,201,8.0,-95.85847486357737,30.073793956113636,-95.61441756953488,29.892727675128054,30.944634925949774
2021-02-15,2021-02-22,540800,540800,48,201,8.0,-95.60383334042423,29.89161850547151,-95.58383334042423,29.91161850547151,2.9404656689267656
2021-02-15,2021-02-22,540800,540901,48,201,4.0,-95.62444375966,29.889716766793903,-95.58383334042423,29.91161850547151,4.612844595896495
2021-02-15,2021-02-22,540800,541203,48,201,4.0,-95.64908135342472,29.88885374594854,-95.58383334042423,29.91161850547151,6.788299444096641
2021-02-15,2021-02-22,540800,551703,48,201,4.0,-95.56261329173977,29.916016650977593,-95.58383334042423,29.91161850547151,2.106408600541174
2021-02-15,2021-02-22,540800,552301,48,201,4.0,-95.61855576944987,29.956159573557745,-95.58383334042423,29.91161850547151,5.968018344634894
2021-02-15,2021-02-22,540800,555701,48,201,4.0,-95.74033521930204,30.01060637150118,-95.58383334042423,29.91161850547151,18.67089971788248
2021-02-15,2021-02-22,540800,556000,48,201,4.0,-95.85847486357737,30.073793956113636,-95.58383334042423,29.91161850547151,32.02338502902618
2021-02-15,2021-02-22,540901,540800,48,201,4.0,-95.60383334042423,29.89161850547151,-95.60444375966,29.909716766793903,2.0070722727476817
2021-02-15,2021-02-22,540901,540901,48,201,4.0,-95.62444375966,29.889716766793903,-95.60444375966,29.909716766793903,2.9404892839762864
2021-02-15,2021-02-22,541100,541100,48,201,16.0,-95.65149483588165,29.901009124466253,-95.63149483588165,29.921009124466252,2.940349043588659
2021-02-15,2021-02-22,541100,542700,48,201,4.0,-95.81435432388679,29.793177182211227,-95.63149483588165,29.921009124466252,22.64895058187058
2021-02-15,2021-02-22,541100,552200,48,201,4.0,-95.64758371892341,29.946007165908615,-95.63149483588165,29.921009124466252,3.1767637469260017
2021-02-15,2021-02-22,541203,541100,48,201,4.0,-95.65149483588165,29.901009124466253,-95.62908135342472,29.90885374594854,2.332786330120253
2021-02-15,2021-02-22,541203,541203,48,201,6.0,-95.64908135342472,29.88885374594854,-95.62908135342472,29.90885374594854,2.9405000002683033
2021-02-15,2021-02-22,541500,541500,48,201,5.0,-95.67797600240868,29.85616499714013,-95.65797600240869,29.87616499714013,2.940905734031615
2021-02-15,2021-02-22,541500,552200,48,201,4.0,-95.64758371892341,29.946007165908615,-95.65797600240869,29.87616499714013,7.806848168082471
2021-02-15,2021-02-22,542302,542302,48,201,8.0,-95.74160632082912,29.810744453535996,-95.72160632082912,29.830744453535996,2.9414689495909685
2021-02-15,2021-02-22,542500,421900,48,201,4.0,-95.4848536325214,29.67150741981472,-95.74429130457352,29.81361238714188,29.63043577569809
2021-02-15,2021-02-22,542500,455300,48,201,4.0,-95.79023423595315,29.776832712957148,-95.74429130457352,29.81361238714188,6.029314688584608
2021-02-15,2021-02-22,542500,541100,48,201,4.0,-95.65149483588165,29.901009124466253,-95.74429130457352,29.81361238714188,13.200444415881975
2021-02-15,2021-02-22,542500,542500,48,201,9.0,-95.76429130457352,29.79361238714188,-95.74429130457352,29.81361238714188,2.9416812225182327
2021-02-15,2021-02-22,542600,542600,48,201,4.0,-95.78919717019268,29.79379054422444,-95.76919717019268,29.81379054422444,2.941679015549354
2021-02-15,2021-02-22,542700,542700,48,201,12.0,-95.81435432388679,29.793177182211227,-95.7943543238868,29.813177182211227,2.9416866136972453
2021-02-15,2021-02-22,542800,542600,48,201,9.0,-95.78919717019268,29.79379054422444,-95.80204522149717,29.83750093418432,5.001904642361365
2021-02-15,2021-02-22,542800,542700,48,201,5.0,-95.81435432388679,29.793177182211227,-95.80204522149717,29.83750093418432,5.055280112897825
2021-02-15,2021-02-22,542800,542800,48,201,8.0,-95.82204522149716,29.81750093418432,-95.80204522149717,29.83750093418432,2.941385209320956
2021-02-15,2021-02-22,543100,451200,48,201,4.0,-95.59586700942157,29.755810890380154,-95.83221225753265,29.984041675236163,34.07991294240918
2021-02-15,2021-02-22,550500,221900,48,201,4.0,-95.34910391986152,29.8818680148654,-95.42546399884509,29.972517037464364,12.463370942549329
2021-02-15,2021-02-22,550500,550500,48,201,9.0,-95.44546399884509,29.952517037464364,-95.42546399884509,29.972517037464364,2.9397088677232226
2021-02-15,2021-02-22,550500,550800,48,201,4.0,-95.47593936805826,29.95059032335285,-95.42546399884509,29.972517037464364,5.444706484533648
2021-02-15,2021-02-22,550601,222501,48,201,4.0,-95.40583969129132,29.928314279055552,-95.43855203285244,29.977263010936575,6.278024966733426
2021-02-15,2021-02-22,550601,550603,48,201,4.0,-95.47006853219766,29.957662397135337,-95.43855203285244,29.977263010936575,3.7381909738353145
2021-02-15,2021-02-22,550700,553403,48,201,4.0,-95.46346448131563,30.057674755690808,-95.47712106642305,29.9624548639721,10.637284703732862
2021-02-15,2021-02-22,550800,550800,48,201,6.0,-95.47593936805826,29.95059032335285,-95.45593936805827,29.970590323352848,2.9397328289043267
2021-02-15,2021-02-22,551000,551000,48,201,4.0,-95.49177074695993,29.969731560195665,-95.47177074695993,29.989731560195665,2.939494732400811
2021-02-15,2021-02-22,551300,550603,48,201,4.0,-95.47006853219766,29.957662397135337,-95.48713357747037,29.97179045605296,2.2728300037071825
2021-02-15,2021-02-22,551300,551400,48,201,4.0,-95.52292067358427,29.962702642254918,-95.48713357747037,29.97179045605296,3.5980055949824443
2021-02-15,2021-02-22,551800,551702,48,201,12.0,-95.56162415021008,29.901529973583926,-95.5437828633766,29.90669853795774,1.8158484239087602
2021-02-15,2021-02-22,551800,551800,48,201,8.0,-95.5637828633766,29.88669853795774,-95.5437828633766,29.90669853795774,2.9405267608880417
2021-02-15,2021-02-22,552200,552200,48,201,4.0,-95.64758371892341,29.946007165908615,-95.62758371892342,29.966007165908614,2.939789821815472
2021-02-15,2021-02-22,552200,552301,48,201,4.0,-95.61855576944987,29.956159573557745,-95.62758371892342,29.966007165908614,1.3967826349548786
2021-02-15,2021-02-22,552200,554501,48,201,4.0,-95.66331184573829,30.011614389737982,-95.62758371892342,29.966007165908614,6.119321619746045
2021-02-15,2021-02-22,552200,554502,48,201,4.0,-95.63323377755418,29.99098665742637,-95.62758371892342,29.966007165908614,2.8222047094261278
2021-02-15,2021-02-22,552301,552301,48,201,4.0,-95.61855576944987,29.956159573557745,-95.59855576944987,29.976159573557744,2.939663564970676
2021-02-15,2021-02-22,552301,554600,48,201,4.0,-95.61879601196976,30.002293554150373,-95.59855576944987,29.976159573557744,3.49389985170676
2021-02-15,2021-02-22,552602,552602,48,201,4.0,-95.57711321008303,29.975236354731123,-95.55711321008303,29.995236354731123,2.939426237867627
2021-02-15,2021-02-22,553001,553001,48,201,4.0,-95.49635034602129,30.001603208156652,-95.47635034602129,30.02160320815665,2.9390980342583917
2021-02-15,2021-02-22,553401,553401,48,201,5.0,-95.44376602551114,30.041159630989586,-95.42376602551114,30.061159630989586,2.938605253557588
2021-02-15,2021-02-22,553801,553403,48,201,4.0,-95.46346448131563,30.057674755690808,-95.48550663596417,30.061918718534358,2.1769325797418637
2021-02-15,2021-02-22,553801,553801,48,201,12.0,-95.50550663596417,30.041918718534358,-95.48550663596417,30.061918718534358,2.938595792422849
2021-02-15,2021-02-22,553801,554902,48,201,4.0,-95.51999305086083,30.097788970893276,-95.48550663596417,30.061918718534358,5.183210550155072
2021-02-15,2021-02-22,553801,555301,48,201,4.0,-95.51384843260561,30.121948502622697,-95.48550663596417,30.061918718534358,7.19354762217521
2021-02-15,2021-02-22,553801,555401,48,201,4.0,-95.60620086389793,30.106447426842323,-95.48550663596417,30.061918718534358,12.63924836002828
2021-02-15,2021-02-22,554001,251100,48,201,4.0,-95.2354855968253,30.03503677551153,-95.50582841437961,30.029912706628927,26.082055670040013
2021-02-15,2021-02-22,554001,251300,48,201,8.0,-95.19979906828152,30.05609818681653,-95.50582841437961,30.029912706628927,29.657280811882803
2021-02-15,2021-02-22,554001,251401,48,201,4.0,-95.19123699207458,30.080877510677322,-95.50582841437961,30.029912706628927,30.85845148460017
2021-02-15,2021-02-22,554001,251503,48,201,4.0,-95.18505995260031,30.073632819729774,-95.50582841437961,30.029912706628927,31.311027750534915
2021-02-15,2021-02-22,554001,552200,48,201,4.0,-95.64758371892341,29.946007165908615,-95.50582841437961,30.029912706628927,16.541712984022734
2021-02-15,2021-02-22,554001,553700,48,201,5.0,-95.51005988042677,30.017556079247772,-95.50582841437961,30.029912706628927,1.429291533993115
2021-02-15,2021-02-22,554001,556000,48,201,13.0,-95.85847486357737,30.073793956113636,-95.50582841437961,30.029912706628927,34.35395801480347
2021-02-15,2021-02-22,554002,553801,48,201,4.0,-95.50550663596417,30.041918718534358,-95.52380695091418,30.019720959830806,3.0283418801820394
2021-02-15,2021-02-22,554002,554002,48,201,4.0,-95.54380695091417,29.999720959830807,-95.52380695091418,30.019720959830806,2.9391214707545035
2021-02-15,2021-02-22,554301,531900,48,201,4.0,-95.45323211442538,29.853132530973795,-95.57384593294401,30.009029803491977,20.83908130687012
2021-02-15,2021-02-22,554301,551300,48,201,4.0,-95.50713357747037,29.95179045605296,-95.57384593294401,30.009029803491977,9.039321491611078
2021-02-15,2021-02-22,554301,555701,48,201,4.0,-95.74033521930204,30.01060637150118,-95.57384593294401,30.009029803491977,16.063299770444683
2021-02-15,2021-02-22,554302,534003,48,201,4.0,-95.5124370340759,29.930164016173286,-95.59162737948596,29.995139136539308,10.502515321321722
2021-02-15,2021-02-22,554302,552602,48,201,4.0,-95.57711321008303,29.975236354731123,-95.59162737948596,29.995139136539308,2.613305887328566
2021-02-15,2021-02-22,554302,554301,48,201,4.0,-95.593845932944,29.989029803491977,-95.59162737948596,29.995139136539308,0.710263609071066
2021-02-15,2021-02-22,554302,554302,48,201,4.0,-95.61162737948595,29.97513913653931,-95.59162737948596,29.995139136539308,2.9394274476070237
2021-02-15,2021-02-22,554501,554501,48,201,7.0,-95.66331184573829,30.011614389737982,-95.6433118457383,30.03161438973798,2.938973363520143
2021-02-15,2021-02-22,554502,554502,48,201,4.0,-95.63323377755418,29.99098665742637,-95.61323377755419,30.01098665742637,2.9392302102497596
2021-02-15,2021-02-22,554502,554600,48,201,4.0,-95.61879601196976,30.002293554150373,-95.61323377755419,30.01098665742637,1.1030017500599905
2021-02-15,2021-02-22,554902,251501,48,201,4.0,-95.1602475911414,30.099335670972806,-95.49999305086084,30.117788970893276,32.80885877999726
2021-02-15,2021-02-22,554902,553403,48,201,8.0,-95.46346448131563,30.057674755690808,-95.49999305086084,30.117788970893276,7.537093835143503
2021-02-15,2021-02-22,554902,554902,48,201,20.0,-95.51999305086083,30.097788970893276,-95.49999305086084,30.117788970893276,2.9378989523390846
2021-02-15,2021-02-22,554902,555200,48,201,8.0,-95.47197536493347,30.095676991945627,-95.49999305086084,30.117788970893276,3.6470135714250014
2021-02-15,2021-02-22,554902,555301,48,201,5.0,-95.51384843260561,30.121948502622697,-95.49999305086084,30.117788970893276,1.4126195661145842
2021-02-15,2021-02-22,554902,555303,48,201,4.0,-95.5706267208028,30.134040973404183,-95.49999305086084,30.117788970893276,7.040955244093667
2021-02-15,2021-02-22,554902,555600,48,201,4.0,-95.73228534428068,30.058781335896033,-95.49999305086084,30.117788970893276,23.328968041765528
2021-02-15,2021-02-22,554902,556000,48,201,4.0,-95.85847486357737,30.073793956113636,-95.49999305086084,30.117788970893276,34.8977604873128
2021-02-15,2021-02-22,555200,555200,48,201,4.0,-95.47197536493347,30.095676991945627,-95.45197536493347,30.115676991945627,2.9379253112530432
2021-02-15,2021-02-22,555303,555303,48,201,8.0,-95.5706267208028,30.134040973404183,-95.55062672080281,30.154040973404182,2.937446291122244
2021-02-15,2021-02-22,555401,553403,48,201,4.0,-95.46346448131563,30.057674755690808,-95.58620086389793,30.126447426842322,14.074938902324249
2021-02-15,2021-02-22,555401,554002,48,201,4.0,-95.54380695091417,29.999720959830807,-95.58620086389793,30.126447426842322,14.630748275362388
2021-02-15,2021-02-22,555401,555303,48,201,4.0,-95.5706267208028,30.134040973404183,-95.58620086389793,30.126447426842322,1.7206884882194107
2021-02-15,2021-02-22,555401,555501,48,201,9.0,-95.66242127480687,30.077808641103488,-95.58620086389793,30.126447426842322,9.112922950306418
2021-02-15,2021-02-22,555501,554502,48,201,4.0,-95.63323377755418,29.99098665742637,-95.64242127480688,30.097808641103487,11.87466272918785
2021-02-15,2021-02-22,555501,555501,48,201,14.0,-95.66242127480687,30.077808641103488,-95.64242127480688,30.097808641103487,2.938148265822757
2021-02-15,2021-02-22,556000,556000,48,201,8.0,-95.85847486357737,30.073793956113636,-95.83847486357737,30.093793956113636,2.9381983461553354
